Age,Sex,ChestPainType,RestingBP,Cholesterol,FastingBS,RestingECG,MaxHR,ExerciseAngina,Oldpeak,ST_Slope,HeartDisease,Age_Group
0.2448979591836734,M,ATA,0.625,0.7287735849056604,0,Normal,0.7794117647058822,N,0.375,Up,0,31-40
0.4285714285714285,F,NAP,0.875,0.2146226415094339,0,Normal,0.6617647058823528,N,0.5416666666666666,Flat,1,41-50
0.18367346938775508,M,ATA,0.5,0.7004716981132074,0,ST,0.23529411764705882,N,0.375,Up,0,31-40
0.40816326530612246,F,ASY,0.6000000000000001,0.3749999999999999,0,Normal,0.30882352941176466,Y,0.625,Flat,1,41-50
0.5306122448979591,M,NAP,0.75,0.285377358490566,0,Normal,0.411764705882353,N,0.375,Up,0,51-60
0.22448979591836726,M,NAP,0.375,0.964622641509434,0,Normal,0.7647058823529411,N,0.375,Up,0,31-40
0.346938775510204,F,ATA,0.5,0.4834905660377359,0,Normal,0.7647058823529411,N,0.375,Up,0,41-50
0.5306122448979591,M,ATA,0.25,0.3466981132075472,0,Normal,0.5588235294117647,N,0.375,Up,0,51-60
0.18367346938775508,M,ASY,0.625,0.34198113207547165,0,Normal,0.4705882352941176,Y,0.625,Flat,1,31-40
0.40816326530612246,F,ATA,0.375,0.705188679245283,0,Normal,0.39705882352941174,N,0.375,Up,0,41-50
0.18367346938775508,F,NAP,0.5,0.36084905660377353,0,Normal,0.5588235294117647,N,0.375,Up,0,31-40
0.6122448979591837,M,ATA,0.5750000000000002,0.13915094339622636,0,ST,0.24264705882352938,Y,0.7083333333333333,Flat,1,51-60
0.22448979591836726,M,ATA,0.375,0.3278301886792453,0,Normal,0.5808823529411764,N,0.375,Up,0,31-40
0.4285714285714285,M,ASY,0.625,0.4693396226415093,0,Normal,0.5441176470588234,Y,0.5416666666666666,Flat,1,41-50
0.2857142857142857,F,NAP,0.3125,0.36084905660377353,0,ST,0.5220588235294117,N,0.375,Up,0,41-50
0.5306122448979591,F,ATA,0.375,0.6533018867924528,0,Normal,0.6176470588235294,N,0.625,Flat,0,51-60
0.20408163265306123,M,ASY,0.25,0.29009433962264153,0,Normal,0.7352941176470587,N,0.375,Flat,1,31-40
0.30612244897959184,F,ATA,0.375,0.3136792452830188,0,Normal,0.7279411764705881,N,0.375,Up,0,41-50
0.6530612244897958,M,ASY,0.125,0.535377358490566,0,Normal,0.43382352941176466,N,0.5416666666666666,Flat,1,51-60
0.16326530612244894,M,ATA,0.375,0.6249999999999999,0,Normal,0.6911764705882353,N,0.875,Flat,1,31-40
0.30612244897959184,F,TA,0.125,0.4174528301886792,0,Normal,0.5588235294117647,N,0.375,Up,0,41-50
0.3265306122448979,M,ATA,0.375,0.23349056603773577,0,Normal,0.5588235294117647,N,0.5416666666666666,Flat,0,41-50
0.4285714285714285,F,ATA,0.42500000000000004,0.3136792452830188,0,Normal,0.7205882352941175,N,0.375,Up,0,41-50
0.3265306122448979,M,ATA,0.75,0.7240566037735848,0,Normal,0.6176470588235294,Y,0.875,Flat,1,41-50
0.2448979591836734,M,NAP,0.5,0.3797169811320754,0,Normal,0.5294117647058822,N,0.375,Up,0,31-40
0.16326530612244894,M,NAP,0.5,0.3514150943396226,0,Normal,0.8235294117647058,N,0.375,Up,0,31-40
0.510204081632653,M,ASY,0.42500000000000004,0.5919811320754716,0,ST,0.338235294117647,Y,0.875,Flat,0,51-60
0.4897959183673468,M,ATA,0.375,0.705188679245283,0,Normal,0.3823529411764706,N,0.375,Up,0,51-60
0.510204081632653,F,ATA,0.2875000000000001,0.9999999999999999,0,Normal,0.4485294117647059,N,0.375,Up,0,51-60
0.46938775510204067,M,ATA,0.4375,0.25235849056603765,0,Normal,0.5808823529411764,N,0.375,Up,0,51-60
0.510204081632653,M,NAP,0.6875,0.9999999999999999,0,Normal,0.4705882352941176,N,0.375,Flat,1,51-60
0.5714285714285714,M,NAP,0.5,0.15330188679245282,0,Normal,0.35294117647058826,N,0.375,Up,0,51-60
0.5306122448979591,M,ASY,0.4375,0.4221698113207547,0,Normal,0.411764705882353,N,0.7083333333333333,Flat,1,51-60
0.26530612244897955,M,ASY,0.5,0.17688679245283012,0,ST,0.4705882352941176,N,0.7083333333333333,Flat,1,41-50
0.30612244897959184,F,ATA,0.75,0.2429245283018867,0,Normal,0.6470588235294117,N,0.375,Up,0,41-50
0.08163265306122447,M,ATA,0.4375,0.5636792452830187,0,Normal,0.6544117647058822,N,0.375,Up,0,31-40
0.7551020408163265,M,ASY,0.625,0.8089622641509434,1,Normal,0.1544117647058823,Y,0.625,Flat,1,61-70
0.26530612244897955,F,ATA,0.25,0.5448113207547168,0,ST,0.5588235294117647,N,0.375,Up,0,41-50
0.40816326530612246,F,ATA,0.375,0.20047169811320753,1,ST,0.6029411764705881,N,0.375,Up,0,41-50
0.40816326530612246,F,ASY,0.75,0.43632075471698106,0,Normal,0.4705882352941176,Y,0.5416666666666666,Flat,0,41-50
0.5306122448979591,F,ATA,0.75,0.4504716981132074,0,Normal,0.4705882352941176,N,0.375,Up,0,51-60
0.5306122448979591,F,NAP,0.5,0.7523584905660378,0,ST,0.24999999999999994,Y,0.375,Flat,1,51-60
0.1428571428571428,M,ATA,0.75,0.6108490566037735,0,Normal,0.75,N,0.375,Up,0,31-40
0.4897959183673468,M,NAP,0.625,0.5872641509433961,0,ST,0.7647058823529411,N,0.375,Up,0,51-60
0.30612244897959184,M,ASY,0.375,0.1910377358490566,0,Normal,0.39705882352941174,Y,0.5416666666666666,Flat,1,41-50
0.6326530612244898,M,NAP,0.5,0.8655660377358491,0,Normal,0.39705882352941174,Y,0.5416666666666666,Flat,0,51-60
0.18367346938775508,M,ASY,0.375,0.4174528301886792,0,Normal,0.75,N,0.375,Up,0,31-40
0.44897959183673475,M,ATA,0.625,0.38443396226415094,0,Normal,0.7647058823529411,N,0.375,Up,0,41-50
0.16326530612244894,M,NAP,0.27500000000000013,0.9693396226415093,0,Normal,0.8676470588235294,N,0.5416666666666666,Flat,0,31-40
0.26530612244897955,M,ASY,0.25,0.7287735849056604,0,Normal,0.7647058823529411,N,0.375,Flat,1,41-50
0.44897959183673475,M,ASY,0.5,0.464622641509434,0,Normal,0.4044117647058823,Y,0.7083333333333333,Flat,1,41-50
0.3877551020408163,F,ASY,0.375,0.3325471698113207,0,Normal,0.23529411764705882,Y,0.7083333333333333,Flat,1,41-50
0.346938775510204,M,ATA,0.625,0.4221698113207547,1,Normal,0.411764705882353,N,0.375,Up,0,41-50
0.26530612244897955,F,ATA,0.5,0.5212264150943396,0,Normal,0.6176470588235294,N,0.375,Up,0,41-50
0.4897959183673468,F,ASY,0.5,0.2146226415094339,0,Normal,0.5441176470588234,Y,0.625,Flat,0,51-60
0.46938775510204067,F,ATA,0.875,0.2806603773584906,0,Normal,0.7647058823529411,N,0.375,Up,0,51-60
0.061224489795918324,M,ASY,0.375,0.6391509433962265,0,Normal,0.6397058823529411,Y,0.625,Flat,1,31-40
0.6122448979591837,M,NAP,0.5,0.3702830188679246,0,ST,0.5441176470588234,N,0.375,Flat,1,51-60
0.5306122448979591,M,ASY,0.75,0.9999999999999999,0,ST,0.49999999999999994,N,0.5416666666666666,Up,0,51-60
0.4897959183673468,M,ASY,0.27500000000000013,0.9787735849056604,0,ST,0.22058823529411759,Y,0.5416666666666666,Flat,1,51-60
0.4285714285714285,M,ATA,0.125,0.5589622641509434,0,Normal,0.7941176470588234,N,0.375,Up,0,41-50
0.30612244897959184,F,NAP,0.75,0.5636792452830187,0,Normal,0.8014705882352942,N,0.375,Up,0,41-50
0.346938775510204,M,ASY,0.625,0.4221698113207547,0,Normal,0.5735294117647058,N,0.375,Up,0,41-50
0.36734693877551017,M,ASY,0.375,0.6721698113207547,0,Normal,0.43382352941176466,Y,0.5416666666666666,Flat,1,41-50
0.44897959183673475,F,ATA,0.25,0.31839622641509435,0,Normal,0.5808823529411764,N,0.375,Up,0,41-50
0.18367346938775508,F,ATA,0.375,0.5919811320754716,0,Normal,0.4705882352941176,N,0.375,Up,0,31-40
0.346938775510204,F,ASY,0.5250000000000001,0.7665094339622641,0,Normal,0.5735294117647058,N,0.375,Up,0,41-50
0.08163265306122447,M,ATA,0.25,0.42688679245283023,0,Normal,0.8676470588235294,N,0.375,Up,0,31-40
0.4897959183673468,M,ASY,0.875,0.525943396226415,0,ST,0.11764705882352938,Y,1.0,Flat,1,51-60
0.3265306122448979,M,ASY,0.75,0.9999999999999999,0,Normal,0.7647058823529411,N,0.375,Up,0,41-50
0.5918367346938775,M,ATA,0.625,0.6155660377358491,0,ST,0.5808823529411764,Y,0.5416666666666666,Flat,1,51-60
0.3265306122448979,M,ATA,0.5,0.3797169811320754,0,Normal,0.5073529411764706,N,0.375,Up,0,41-50
0.4897959183673468,M,ASY,0.375,0.22405660377358483,0,Normal,0.6176470588235294,N,0.375,Flat,1,51-60
0.3265306122448979,F,ASY,0.375,0.39386792452830177,0,ST,0.3602941176470588,N,0.375,Up,0,41-50
0.5510204081632653,M,ASY,0.625,0.6297169811320754,0,Normal,0.45588235294117646,Y,0.625,Flat,1,51-60
0.36734693877551017,M,NAP,0.75,0.13443396226415094,0,Normal,0.3676470588235294,N,0.375,Up,0,41-50
0.08163265306122447,M,ASY,0.3500000000000001,0.9999999999999999,0,Normal,0.4705882352941176,N,0.375,Flat,1,31-40
0.1428571428571428,F,ASY,0.625,0.15330188679245282,0,Normal,0.6176470588235294,N,0.375,Up,0,31-40
0.4897959183673468,M,ATA,0.625,0.0,0,Normal,0.5294117647058822,Y,0.375,Up,0,51-60
0.4285714285714285,M,ASY,0.5,0.33726415094339623,0,Normal,0.7647058823529411,N,0.375,Flat,1,41-50
0.5510204081632653,M,NAP,0.25,0.6721698113207547,0,Normal,0.6911764705882353,N,0.375,Up,0,51-60
0.5306122448979591,M,ATA,0.375,0.4882075471698112,0,Normal,0.6470588235294117,N,0.375,Up,0,51-60
0.7142857142857142,M,ASY,0.75,0.4174528301886792,0,Normal,0.3602941176470588,N,0.375,Flat,1,61-70
0.4897959183673468,M,ATA,0.875,0.29009433962264153,0,Normal,0.7279411764705881,N,0.375,Up,0,51-60
0.5714285714285714,M,ASY,0.75,0.3702830188679246,1,Normal,0.43382352941176466,Y,0.5416666666666666,Flat,1,51-60
0.7755102040816326,M,ASY,0.625,0.021226415094339646,0,Normal,0.20588235294117646,Y,0.5416666666666666,Flat,1,61-70
0.7551020408163265,M,ASY,1.0,0.606132075471698,1,Normal,0.338235294117647,Y,0.7083333333333333,Flat,1,61-70
0.510204081632653,F,ATA,0.625,0.38443396226415094,0,Normal,0.5588235294117647,Y,0.7083333333333333,Flat,0,51-60
0.30612244897959184,M,TA,0.375,0.7382075471698112,0,ST,0.6544117647058822,N,0.375,Flat,1,41-50
0.5510204081632653,M,ASY,0.625,0.4457547169811321,0,Normal,0.3235294117647059,Y,0.4583333333333333,Flat,0,51-60
0.4285714285714285,F,ATA,0.25,0.3466981132075472,0,Normal,0.6911764705882353,N,0.375,Up,0,41-50
0.22448979591836726,M,ASY,0.5,0.8136792452830187,0,Normal,0.5441176470588234,N,0.375,Up,0,31-40
0.4897959183673468,F,ATA,0.375,0.3561320754716981,0,Normal,0.6029411764705881,N,0.375,Up,0,51-60
0.40816326530612246,M,ASY,0.875,0.9174528301886792,0,Normal,0.19117647058823534,Y,0.625,Flat,1,41-50
0.22448979591836726,F,NAP,0.25,0.22405660377358483,0,ST,0.838235294117647,N,0.375,Up,0,31-40
0.6122448979591837,M,ASY,0.5,0.606132075471698,0,Normal,0.5441176470588234,Y,0.7083333333333333,Flat,1,51-60
0.30612244897959184,M,ATA,0.6500000000000001,0.34198113207547165,0,Normal,0.5294117647058822,N,0.375,Up,0,41-50
0.22448979591836726,M,NAP,0.875,0.05896226415094341,1,Normal,0.6911764705882353,N,0.375,Up,0,31-40
0.5714285714285714,M,ASY,0.375,0.0,0,Normal,0.5441176470588234,N,0.375,Up,0,51-60
0.26530612244897955,M,ATA,0.4375,0.6344339622641509,0,Normal,0.5735294117647058,N,0.375,Up,0,41-50
0.7551020408163265,M,ASY,0.5,0.6627358490566037,0,ST,0.3602941176470588,Y,0.5416666666666666,Flat,1,61-70
0.46938775510204067,M,ASY,0.5,0.20990566037735847,0,Normal,0.24999999999999994,N,0.375,Up,0,51-60
0.2448979591836734,F,ASY,0.75,0.9999999999999999,0,Normal,0.4705882352941176,N,0.7083333333333333,Flat,1,31-40
0.2448979591836734,M,ASY,0.375,0.9999999999999999,1,Normal,0.6323529411764706,Y,0.5416666666666666,Flat,1,31-40
0.36734693877551017,M,ASY,0.3500000000000001,0.2429245283018867,0,Normal,0.4264705882352941,N,0.375,Flat,1,41-50
0.5918367346938775,M,ATA,0.625,0.5919811320754716,1,Normal,0.5441176470588234,N,0.375,Up,0,51-60
0.40816326530612246,F,ASY,0.375,0.5636792452830187,0,ST,0.3235294117647059,N,0.375,Up,0,41-50
0.12244897959183676,M,ATA,0.75,0.3749999999999999,0,ST,0.75,N,0.375,Up,0,31-40
0.44897959183673475,M,ASY,0.625,0.0,0,Normal,0.5073529411764706,N,0.375,Up,0,41-50
0.22448979591836726,M,ATA,1.0,0.5023584905660378,0,Normal,0.29411764705882354,N,0.375,Up,0,31-40
0.6326530612244898,F,ATA,0.5,0.25235849056603765,0,Normal,0.4264705882352941,N,0.5416666666666666,Flat,0,51-60
0.5918367346938775,M,ASY,0.75,0.5683962264150942,0,Normal,0.19117647058823534,Y,0.875,Flat,1,51-60
0.3877551020408163,M,ASY,0.625,0.6674528301886792,1,Normal,0.43382352941176466,Y,0.375,Up,0,41-50
0.20408163265306123,M,ATA,0.625,0.7665094339622641,0,Normal,0.6176470588235294,N,0.375,Up,0,31-40
0.4285714285714285,F,NAP,0.5,0.34198113207547165,0,ST,0.5073529411764706,N,0.375,Up,0,41-50
0.10204081632653061,F,ASY,0.125,0.525943396226415,0,Normal,0.6176470588235294,Y,0.5416666666666666,Flat,1,31-40
0.20408163265306123,M,ASY,0.375,0.6957547169811321,0,Normal,0.7647058823529411,N,0.375,Flat,1,31-40
0.6326530612244898,F,ASY,0.5,0.9599056603773585,1,ST,0.4705882352941176,Y,0.625,Flat,1,51-60
0.1428571428571428,F,TA,0.375,0.12028301886792447,0,ST,0.875,N,0.375,Up,0,31-40
0.12244897959183676,M,TA,0.625,0.10141509433962259,0,Normal,0.838235294117647,N,0.375,Flat,1,31-40
0.3877551020408163,F,NAP,0.5625,0.535377358490566,1,Normal,0.7647058823529411,N,0.375,Flat,1,41-50
0.4897959183673468,F,NAP,0.4375,0.6485849056603773,0,Normal,0.5367647058823528,N,0.375,Up,0,51-60
0.36734693877551017,M,ASY,0.25,0.49764150943396224,0,ST,0.5441176470588234,N,0.375,Up,0,41-50
0.6122448979591837,F,ATA,1.0,0.9999999999999999,0,Normal,0.3235294117647059,Y,0.5416666666666666,Flat,1,51-60
0.6122448979591837,M,ATA,0.5,0.4504716981132074,0,Normal,0.6176470588235294,N,0.375,Up,0,51-60
0.5306122448979591,M,ATA,0.375,0.525943396226415,0,Normal,0.3235294117647059,N,0.375,Up,0,51-60
0.12244897959183676,F,ATA,0.5,0.125,0,Normal,0.9117647058823528,N,0.375,Up,0,31-40
0.40816326530612246,F,ASY,0.2250000000000001,0.13443396226415094,0,Normal,0.8014705882352942,N,0.7083333333333333,Up,0,41-50
0.5306122448979591,F,ATA,0.375,0.4504716981132074,1,Normal,0.5441176470588234,N,0.375,Up,0,51-60
0.2857142857142857,M,NAP,0.375,0.4410377358490566,0,Normal,0.6323529411764706,Y,0.625,Flat,0,41-50
0.20408163265306123,M,NAP,0.6875,0.7429245283018867,0,Normal,0.4705882352941176,N,0.375,Up,0,31-40
0.36734693877551017,M,ASY,0.25,0.31839622641509435,0,Normal,0.6176470588235294,Y,0.375,Flat,1,41-50
0.5714285714285714,M,ASY,1.0,0.9999999999999999,0,ST,0.411764705882353,Y,0.7083333333333333,Flat,1,51-60
0.5714285714285714,M,ASY,0.75,0.4504716981132074,0,ST,0.4264705882352941,Y,0.625,Flat,1,51-60
0.6734693877551019,F,ASY,0.5,0.7523584905660378,0,ST,0.39705882352941174,Y,0.5416666666666666,Flat,0,61-70
0.4285714285714285,M,NAP,0.3125,0.6155660377358491,0,Normal,0.8014705882352942,N,0.375,Flat,1,41-50
0.30612244897959184,F,ATA,0.375,0.3797169811320754,0,ST,0.8014705882352942,N,0.375,Up,0,41-50
0.22448979591836726,M,ATA,0.375,0.5023584905660378,0,ST,0.588235294117647,N,0.7083333333333333,Up,0,31-40
0.5306122448979591,M,ASY,0.625,0.1485849056603773,0,Normal,0.3823529411764706,Y,0.375,Flat,1,51-60
0.30612244897959184,M,ASY,0.75,0.5306603773584905,0,Normal,0.4705882352941176,Y,0.7083333333333333,Flat,1,41-50
0.4897959183673468,M,ASY,0.875,0.9268867924528302,0,Normal,0.20588235294117646,Y,0.7916666666666666,Flat,1,51-60
0.44897959183673475,M,ASY,0.625,0.9740566037735848,0,ST,0.43382352941176466,Y,0.7916666666666666,Flat,1,41-50
0.3877551020408163,M,ASY,0.875,0.7382075471698112,0,ST,0.6764705882352942,Y,0.875,Flat,1,41-50
0.510204081632653,M,ASY,0.625,0.5117924528301886,0,Normal,0.6544117647058822,N,0.375,Up,0,51-60
0.5714285714285714,F,ATA,0.375,0.6816037735849055,0,Normal,0.6176470588235294,N,0.5416666666666666,Flat,1,51-60
0.22448979591836726,M,ASY,0.25,0.6533018867924528,0,Normal,0.4852941176470588,N,0.375,Up,0,31-40
0.2857142857142857,M,ATA,0.375,0.29952830188679247,0,Normal,0.6544117647058822,N,0.375,Up,0,41-50
0.30612244897959184,F,ATA,0.375,0.5400943396226415,0,ST,0.8088235294117647,N,0.375,Up,0,41-50
0.44897959183673475,M,ATA,0.375,0.15801886792452824,0,Normal,0.6911764705882353,N,0.375,Up,0,41-50
0.5306122448979591,M,ASY,0.5,0.9999999999999999,1,Normal,0.43382352941176466,Y,0.5416666666666666,Flat,1,51-60
0.22448979591836726,M,ATA,0.5,0.3797169811320754,0,Normal,0.39705882352941174,N,0.375,Up,0,31-40
0.40816326530612246,M,ATA,0.125,0.11556603773584906,0,Normal,0.24999999999999994,N,0.375,Up,0,41-50
0.2448979591836734,M,ATA,0.5,0.6627358490566037,0,Normal,0.6176470588235294,N,0.375,Up,0,31-40
0.5510204081632653,M,ASY,0.375,0.6391509433962265,0,Normal,0.5441176470588234,N,0.375,Up,0,51-60
0.26530612244897955,M,ATA,0.375,0.7382075471698112,0,ST,0.6911764705882353,N,0.375,Up,0,41-50
0.5714285714285714,M,ASY,0.8125,0.9787735849056604,1,Normal,0.6176470588235294,Y,0.875,Flat,1,51-60
0.20408163265306123,M,ASY,0.25,0.2617924528301886,0,Normal,0.6176470588235294,Y,0.5416666666666666,Flat,1,31-40
0.4285714285714285,M,ASY,0.625,0.2382075471698113,0,Normal,0.4705882352941176,N,0.375,Up,0,41-50
0.3265306122448979,M,ASY,0.5,0.7334905660377359,0,Normal,0.24999999999999994,Y,0.7083333333333333,Flat,1,41-50
0.5306122448979591,M,ATA,0.875,0.285377358490566,0,ST,0.4705882352941176,N,0.5416666666666666,Up,0,51-60
0.6326530612244898,M,ASY,0.625,0.6108490566037735,1,LVH,0.3897058823529412,Y,0.375,Flat,1,51-60
0.4285714285714285,M,ASY,0.4750000000000001,0.36556603773584906,0,Normal,0.22058823529411759,Y,0.375,Flat,1,41-50
0.3877551020408163,M,ATA,0.875,0.606132075471698,0,Normal,0.7941176470588234,N,0.375,Up,0,41-50
0.2857142857142857,M,ATA,0.375,0.29009433962264153,0,Normal,0.6176470588235294,N,0.375,Up,0,41-50
0.4897959183673468,F,ATA,0.625,0.42688679245283023,0,Normal,0.5441176470588234,N,0.375,Up,0,51-60
0.36734693877551017,M,TA,0.625,0.6485849056603773,1,Normal,0.8014705882352942,N,0.7083333333333333,Flat,1,41-50
0.44897959183673475,M,ASY,0.625,0.45518867924528295,0,ST,0.5441176470588234,Y,1.0,Flat,1,41-50
0.40816326530612246,M,ATA,0.625,0.4882075471698112,0,Normal,0.3823529411764706,N,0.375,Up,0,41-50
0.6122448979591837,M,ASY,0.5625,0.41273584905660365,0,Normal,0.24999999999999994,N,0.375,Up,0,51-60
0.6122448979591837,M,NAP,0.625,0.20990566037735847,0,Normal,0.6911764705882353,N,0.375,Up,0,51-60
0.020408163265306145,M,ATA,0.375,0.5117924528301886,0,Normal,0.6911764705882353,N,0.375,Up,0,≤30
0.2448979591836734,M,NAP,0.625,0.47405660377358483,0,Normal,0.8970588235294117,N,0.375,Up,0,31-40
0.510204081632653,M,ATA,0.625,0.8749999999999999,0,Normal,0.7058823529411764,N,0.375,Up,0,51-60
0.4285714285714285,M,NAP,0.625,0.24764150943396224,0,Normal,0.7794117647058822,N,0.375,Up,0,41-50
0.4897959183673468,M,ASY,0.625,0.6202830188679246,0,Normal,0.49999999999999994,Y,0.7083333333333333,Flat,1,51-60
0.30612244897959184,M,ASY,0.625,0.7240566037735848,0,Normal,0.5073529411764706,Y,0.7083333333333333,Flat,1,41-50
0.5306122448979591,M,ASY,0.625,0.38443396226415094,0,Normal,0.286764705882353,N,0.625,Flat,1,51-60
0.6326530612244898,M,ATA,0.625,0.7193396226415093,0,Normal,0.6176470588235294,N,0.375,Up,0,51-60
0.18367346938775508,M,NAP,0.5,0.2806603773584906,0,Normal,0.6176470588235294,N,0.375,Up,0,31-40
0.36734693877551017,F,ASY,0.5,0.4882075471698112,0,Normal,0.1764705882352941,N,0.375,Up,0,41-50
0.4897959183673468,M,ASY,0.5,0.42688679245283023,0,Normal,0.39705882352941174,Y,0.7083333333333333,Flat,1,51-60
0.46938775510204067,M,ATA,0.5,0.4221698113207547,0,Normal,0.6176470588235294,N,0.375,Up,0,51-60
0.4897959183673468,M,ASY,0.625,0.9999999999999999,0,Normal,0.4264705882352941,Y,0.7083333333333333,Flat,1,51-60
0.36734693877551017,M,ASY,0.25,0.4882075471698112,0,ST,0.5441176470588234,Y,0.5416666666666666,Flat,0,41-50
0.5306122448979591,F,ATA,0.875,0.8372641509433961,0,Normal,0.4705882352941176,N,0.375,Up,0,51-60
0.6122448979591837,M,NAP,0.875,0.36084905660377353,1,ST,0.19117647058823534,N,0.375,Flat,1,51-60
0.6122448979591837,M,ATA,0.5,0.5495283018867924,0,Normal,0.3235294117647059,N,0.375,Up,0,51-60
0.26530612244897955,M,ASY,0.375,0.4834905660377359,1,Normal,0.5294117647058822,Y,0.5416666666666666,Flat,1,41-50
0.44897959183673475,F,ASY,0.375,0.9127358490566037,0,Normal,0.3235294117647059,Y,0.5416666666666666,Flat,0,41-50
0.510204081632653,M,ASY,1.0,0.7099056603773585,0,ST,0.39705882352941174,Y,0.625,Flat,1,51-60
0.36734693877551017,M,ASY,1.0,0.6863207547169811,0,ST,0.39705882352941174,N,0.375,Up,0,41-50
0.44897959183673475,M,ATA,1.0,0.3514150943396226,0,ST,0.3676470588235294,N,0.375,Up,0,41-50
0.40816326530612246,M,ATA,0.5,0.5212264150943396,0,Normal,0.6911764705882353,N,0.375,Up,0,41-50
0.346938775510204,M,NAP,0.5625,0.27122641509433965,0,Normal,0.3235294117647059,N,0.375,Up,0,41-50
0.26530612244897955,F,ATA,0.4375,0.23349056603773577,0,Normal,0.838235294117647,N,0.375,Up,0,41-50
0.693877551020408,F,TA,0.875,0.27594339622641506,0,Normal,0.3676470588235294,N,0.375,Up,0,61-70
0.4285714285714285,M,ASY,0.375,0.7665094339622641,0,Normal,0.4852941176470588,N,0.5416666666666666,Flat,0,41-50
0.2857142857142857,M,ATA,0.75,0.6297169811320754,0,Normal,0.5147058823529411,N,0.375,Up,0,41-50
0.510204081632653,M,ASY,0.375,0.525943396226415,0,Normal,0.3676470588235294,Y,0.375,Flat,1,51-60
0.5918367346938775,F,TA,0.5,0.8183962264150942,0,Normal,0.23529411764705882,N,0.5416666666666666,Flat,0,51-60
0.3877551020408163,M,TA,0.25,0.5400943396226415,0,Normal,0.6176470588235294,N,0.375,Up,0,41-50
0.36734693877551017,M,NAP,0.375,0.4504716981132074,0,Normal,0.6176470588235294,N,0.375,Up,0,41-50
0.2857142857142857,M,NAP,0.875,0.05896226415094341,0,Normal,0.588235294117647,N,0.375,Up,0,41-50
0.061224489795918324,F,ATA,0.125,0.3985849056603773,0,ST,0.6176470588235294,N,0.375,Up,0,31-40
0.5714285714285714,M,ATA,0.5,0.23349056603773577,0,Normal,0.24999999999999994,N,0.375,Up,0,51-60
0.44897959183673475,M,ASY,0.75,0.3797169811320754,0,Normal,0.5441176470588234,Y,0.375,Up,0,41-50
0.1428571428571428,M,ATA,0.375,0.8183962264150942,0,LVH,0.838235294117647,N,0.375,Up,0,31-40
0.1428571428571428,M,ATA,0.25,0.5778301886792453,0,Normal,0.5441176470588234,N,0.375,Flat,1,31-40
0.0,M,ATA,0.5,0.0,0,LVH,0.875,N,0.375,Up,0,≤30
0.5306122448979591,M,ASY,0.4375,0.38443396226415094,0,Normal,0.5441176470588234,N,0.375,Flat,1,51-60
0.40816326530612246,M,ASY,0.20000000000000018,0.606132075471698,1,Normal,0.3235294117647059,N,0.375,Flat,1,41-50
0.44897959183673475,F,NAP,0.625,0.7240566037735848,0,Normal,0.5441176470588234,Y,0.375,Flat,1,41-50
0.5714285714285714,M,NAP,0.5,0.6674528301886792,0,Normal,0.45588235294117646,Y,0.5416666666666666,Up,0,51-60
0.5714285714285714,F,NAP,0.5,0.3985849056603773,0,ST,0.7205882352941175,N,0.375,Up,0,51-60
0.3877551020408163,M,ASY,0.75,0.43160377358490554,0,Normal,0.23529411764705882,Y,0.625,Flat,1,41-50
0.04081632653061218,F,TA,1.0,0.4834905660377359,0,ST,0.7647058823529411,N,0.375,Up,0,≤30
0.22448979591836726,M,ASY,0.25,0.6863207547169811,0,Normal,0.6176470588235294,N,0.375,Flat,1,31-40
0.5306122448979591,M,NAP,0.375,0.38915094339622647,0,Normal,0.5220588235294117,N,0.375,Up,0,51-60
0.5510204081632653,M,ATA,0.625,0.29009433962264153,0,Normal,0.6176470588235294,N,0.375,Up,0,51-60
0.020408163265306145,M,ATA,0.625,0.606132075471698,0,Normal,0.7647058823529411,N,0.375,Up,0,≤30
0.36734693877551017,M,ASY,0.5,0.41273584905660365,0,Normal,0.338235294117647,N,0.375,Flat,1,41-50
0.46938775510204067,F,ASY,0.875,0.7948113207547168,0,Normal,0.6176470588235294,Y,0.5416666666666666,Flat,1,51-60
0.40816326530612246,F,NAP,0.375,0.285377358490566,0,Normal,0.43382352941176466,N,0.375,Up,0,41-50
0.10204081632653061,M,NAP,0.375,0.7712264150943396,0,Normal,0.875,N,0.375,Up,0,31-40
0.5510204081632653,M,ATA,0.375,0.5731132075471698,1,Normal,0.5220588235294117,N,0.375,Up,0,51-60
0.44897959183673475,M,ASY,0.6875,0.6108490566037735,0,Normal,0.6176470588235294,N,0.375,Flat,1,41-50
0.510204081632653,M,NAP,0.375,0.285377358490566,0,Normal,0.5441176470588234,N,0.375,Up,0,51-60
0.20408163265306123,M,ASY,0.025000000000000133,0.0,0,Normal,0.49999999999999994,Y,0.7916666666666666,Flat,1,31-40
0.26530612244897955,M,ATA,0.375,0.7570754716981131,0,Normal,0.7647058823529411,N,0.375,Up,0,41-50
0.18367346938775508,F,ASY,0.5,0.18160377358490565,0,ST,0.8676470588235294,N,0.375,Up,0,31-40
0.18367346938775508,M,ASY,0.5,0.8514150943396225,0,Normal,0.6764705882352942,N,0.375,Up,0,31-40
0.2448979591836734,M,NAP,0.5,0.6910377358490566,0,Normal,0.7426470588235294,N,0.375,Up,0,31-40
0.20408163265306123,F,ATA,0.375,0.6627358490566037,0,Normal,0.463235294117647,N,0.375,Up,0,31-40
0.26530612244897955,M,ASY,0.27500000000000013,0.5448113207547168,0,Normal,0.5588235294117647,N,0.375,Up,0,41-50
0.5306122448979591,F,ATA,0.625,0.8231132075471698,0,ST,0.5441176470588234,N,0.375,Up,0,51-60
0.22448979591836726,M,ATA,0.375,0.3089622641509434,0,Normal,0.6911764705882353,Y,0.5416666666666666,Flat,0,31-40
0.26530612244897955,M,ASY,0.375,0.9504716981132074,0,Normal,0.3823529411764706,Y,0.875,Flat,1,41-50
0.5510204081632653,M,TA,0.625,0.7570754716981131,0,Normal,0.5147058823529411,N,0.375,Flat,1,51-60
0.40816326530612246,M,ASY,0.875,0.9999999999999999,0,Normal,0.24264705882352938,Y,0.7083333333333333,Flat,1,41-50
0.40816326530612246,M,ASY,0.875,0.27594339622641506,0,Normal,0.2647058823529412,Y,0.875,Flat,1,41-50
0.5510204081632653,M,ATA,0.6875,0.9033018867924528,0,Normal,0.6544117647058822,N,0.375,Up,0,51-60
0.5306122448979591,M,ASY,1.0,0.29952830188679247,0,Normal,0.5588235294117647,Y,0.7083333333333333,Flat,1,51-60
0.5510204081632653,M,ATA,0.875,0.7429245283018867,1,Normal,0.5661764705882353,Y,0.7083333333333333,Flat,1,51-60
0.30612244897959184,F,ATA,0.375,0.6202830188679246,0,Normal,0.3823529411764706,N,0.375,Up,0,41-50
0.40816326530612246,M,ASY,0.875,0.6297169811320754,0,Normal,0.27205882352941174,Y,0.5416666666666666,Flat,1,41-50
0.5306122448979591,M,TA,0.375,0.1721698113207547,0,Normal,0.5220588235294117,N,0.7083333333333333,Up,0,51-60
0.5306122448979591,M,NAP,0.375,0.4834905660377359,0,Normal,0.6176470588235294,Y,0.625,Flat,1,51-60
0.40816326530612246,M,ASY,0.40000000000000013,0.6627358490566037,1,ST,0.6176470588235294,Y,0.7083333333333333,Down,1,41-50
0.346938775510204,M,ASY,0.5,0.3985849056603773,0,ST,0.4705882352941176,Y,0.5416666666666666,Flat,1,41-50
0.4285714285714285,M,ASY,0.5,0.9740566037735848,0,Normal,0.39705882352941174,Y,0.5416666666666666,Flat,1,41-50
0.3265306122448979,M,ASY,0.5625,0.9999999999999999,0,Normal,0.5073529411764706,N,0.375,Flat,1,41-50
0.40816326530612246,M,ASY,0.375,0.5919811320754716,0,Normal,0.3602941176470588,N,0.7083333333333333,Flat,1,41-50
0.6734693877551019,M,ASY,0.4375,0.7429245283018867,0,ST,0.3602941176470588,Y,0.375,Up,0,61-70
0.693877551020408,M,ATA,0.625,0.6438679245283018,0,Normal,0.6323529411764706,N,0.5416666666666666,Up,0,61-70
0.5510204081632653,M,ASY,0.6875,0.535377358490566,0,Normal,0.22058823529411759,Y,0.7083333333333333,Flat,1,51-60
0.510204081632653,F,NAP,0.375,0.6580188679245284,0,Normal,0.4705882352941176,N,0.375,Up,0,51-60
0.5510204081632653,F,ATA,0.5,0.9999999999999999,0,LVH,0.6176470588235294,N,0.375,Up,0,51-60
0.16326530612244894,M,NAP,0.75,0.12028301886792447,0,Normal,0.7794117647058822,N,0.375,Up,0,31-40
0.46938775510204067,F,NAP,0.75,0.3089622641509434,0,Normal,0.39705882352941174,N,0.4583333333333333,Up,0,51-60
0.5510204081632653,F,ATA,0.40000000000000013,0.8749999999999999,0,Normal,0.6544117647058822,N,0.375,Up,0,51-60
0.36734693877551017,M,ATA,0.625,0.6627358490566037,0,Normal,0.7279411764705881,Y,0.375,Up,0,41-50
0.5306122448979591,F,ATA,0.375,0.40801886792452835,0,Normal,0.5294117647058822,N,0.5416666666666666,Up,0,51-60
0.36734693877551017,M,ASY,0.375,0.45518867924528295,0,Normal,0.3602941176470588,Y,0.375,Flat,1,41-50
0.6326530612244898,M,ASY,0.5,0.0,0,Normal,0.43382352941176466,N,0.375,Flat,1,51-60
0.3877551020408163,M,NAP,0.625,0.27594339622641506,0,Normal,0.5808823529411764,Y,0.5416666666666666,Flat,1,41-50
0.5306122448979591,M,ATA,0.875,0.8042452830188679,0,Normal,0.8014705882352942,N,0.375,Up,0,51-60
0.4897959183673468,M,ASY,0.5,0.7712264150943396,0,Normal,0.3235294117647059,Y,0.5416666666666666,Flat,1,51-60
0.12244897959183676,M,ATA,0.10000000000000009,0.4033018867924528,0,Normal,0.6176470588235294,N,0.375,Up,0,31-40
0.5306122448979591,M,ASY,0.5,0.5070754716981131,0,Normal,0.18382352941176466,Y,0.5416666666666666,Flat,1,51-60
0.3877551020408163,F,NAP,0.5,0.47405660377358483,0,Normal,0.5808823529411764,N,0.7083333333333333,Flat,0,41-50
0.346938775510204,M,ASY,0.375,0.42688679245283023,0,Normal,0.5441176470588234,N,0.375,Up,0,41-50
0.08163265306122447,F,ATA,0.1875,0.29952830188679247,0,Normal,0.7279411764705881,N,0.375,Up,0,31-40
0.5510204081632653,M,ASY,0.625,0.3136792452830188,0,Normal,0.4705882352941176,Y,0.875,Flat,1,51-60
0.5510204081632653,M,NAP,0.375,0.4033018867924528,0,LVH,0.49999999999999994,N,0.375,Up,0,51-60
0.346938775510204,F,ATA,1.0,0.7570754716981131,0,Normal,0.838235294117647,N,0.375,Up,0,41-50
0.6326530612244898,M,NAP,1.0,0.3702830188679246,0,Normal,0.24999999999999994,N,0.375,Up,0,51-60
0.46938775510204067,M,NAP,0.5625,0.12028301886792447,0,Normal,0.6176470588235294,N,0.7083333333333333,Flat,1,51-60
0.4897959183673468,M,ASY,1.0,0.4174528301886792,0,Normal,0.44117647058823534,Y,0.625,Flat,1,51-60
0.5918367346938775,F,ASY,1.0,0.9999999999999999,0,ST,0.44117647058823534,Y,0.5083333333333333,Flat,0,51-60
0.5306122448979591,F,ATA,0.5,0.5589622641509434,0,ST,0.6544117647058822,N,0.375,Up,0,51-60
0.6530612244897958,M,NAP,0.375,0.525943396226415,0,LVH,0.5073529411764706,N,0.375,Up,0,51-60
0.4285714285714285,M,ASY,0.75,0.41273584905660365,0,Normal,0.411764705882353,N,0.7083333333333333,Flat,1,41-50
0.46938775510204067,F,NAP,0.5,0.4033018867924528,0,Normal,0.6911764705882353,Y,0.7083333333333333,Up,0,51-60
0.5510204081632653,F,ATA,0.25,0.9882075471698112,0,ST,0.6911764705882353,N,0.375,Up,0,51-60
0.2857142857142857,M,ASY,0.625,0.9999999999999999,0,Normal,0.7647058823529411,N,0.375,Up,0,41-50
0.46938775510204067,F,NAP,0.25,0.2617924528301886,0,Normal,0.39705882352941174,N,0.375,Up,0,51-60
0.6326530612244898,M,ASY,0.625,0.16273584905660377,0,Normal,0.5441176470588234,N,0.375,Up,0,51-60
0.510204081632653,M,ATA,0.375,0.2193396226415094,0,Normal,0.4852941176470588,N,0.375,Up,0,51-60
0.40816326530612246,F,ATA,0.5375000000000001,0.8183962264150942,0,ST,0.6617647058823528,N,0.7083333333333333,Up,0,41-50
0.16326530612244894,M,ATA,0.375,0.1485849056603773,0,Normal,0.838235294117647,N,0.375,Up,0,31-40
0.40816326530612246,M,NAP,0.25,0.36084905660377353,0,Normal,0.5294117647058822,N,0.375,Up,0,41-50
0.3877551020408163,F,ATA,0.625,0.5778301886792453,0,Normal,0.5073529411764706,N,0.5416666666666666,Up,0,41-50
0.510204081632653,M,ASY,0.5,0.22405660377358483,0,Normal,0.6029411764705881,N,0.375,Up,0,51-60
0.7551020408163265,M,ASY,0.3125,0.4834905660377359,0,Normal,0.1985294117647059,Y,0.375,Flat,1,61-70
0.08163265306122447,M,TA,0.0625,0.4834905660377359,1,Normal,0.4485294117647059,N,0.49166666666666664,Up,1,31-40
0.6734693877551019,M,ASY,0.1875,0.4834905660377359,1,Normal,0.3235294117647059,Y,0.625,Up,1,61-70
0.44897959183673475,M,ASY,0.6875,0.4834905660377359,1,Normal,0.5367647058823528,Y,0.49166666666666664,Flat,1,41-50
0.5918367346938775,M,ASY,0.25,0.4834905660377359,1,ST,0.47794117647058826,Y,0.6083333333333333,Up,1,51-60
0.46938775510204067,M,ASY,0.25,0.4834905660377359,1,Normal,0.19117647058823534,N,0.375,Flat,1,51-60
0.3877551020408163,M,ASY,0.25,0.4834905660377359,1,ST,0.6102941176470587,N,0.725,Up,1,41-50
0.6530612244897958,M,ASY,0.875,0.4834905660377359,1,Normal,0.6102941176470587,N,0.44166666666666665,Flat,1,51-60
0.5510204081632653,M,ATA,0.625,0.4834905660377359,0,ST,0.6176470588235294,N,0.4083333333333333,Up,0,51-60
0.510204081632653,M,ASY,0.4375,0.4834905660377359,1,Normal,0.39705882352941174,N,0.625,Up,1,51-60
0.693877551020408,F,ASY,0.375,0.4834905660377359,1,ST,0.41911764705882354,Y,0.6583333333333333,Down,1,61-70
0.46938775510204067,M,ASY,0.0625,0.4834905660377359,1,Normal,0.44117647058823534,N,0.7416666666666667,Flat,1,51-60
0.46938775510204067,F,ASY,0.375,0.4834905660377359,1,Normal,0.4485294117647059,Y,0.625,Up,1,51-60
0.5510204081632653,M,ASY,0.3125,0.4834905660377359,1,Normal,0.6544117647058822,N,0.39166666666666666,Flat,1,51-60
0.510204081632653,M,ATA,0.5,0.4834905660377359,0,ST,0.39705882352941174,N,0.49166666666666664,Down,0,51-60
0.6122448979591837,M,ASY,0.3125,0.4834905660377359,1,Normal,0.5294117647058822,N,0.4583333333333333,Up,1,51-60
0.5918367346938775,M,ASY,0.0625,0.4834905660377359,1,Normal,0.8529411764705881,N,0.49166666666666664,Down,1,51-60
0.7551020408163265,M,ASY,0.8125,0.4834905660377359,0,Normal,0.6470588235294117,N,0.5416666666666666,Up,0,61-70
0.6530612244897958,M,ASY,0.4375,0.4834905660377359,1,Normal,0.3235294117647059,N,0.39166666666666666,Up,1,51-60
0.26530612244897955,M,ASY,0.4375,0.4834905660377359,1,Normal,0.8088235294117647,N,0.6416666666666666,Up,1,41-50
0.12244897959183676,M,ASY,0.3125,0.4834905660377359,1,Normal,0.6470588235294117,N,0.4083333333333333,Up,1,31-40
0.510204081632653,M,ASY,0.0,0.4834905660377359,0,Normal,0.5514705882352942,Y,0.7083333333333333,Down,0,51-60
0.9387755102040816,M,ATA,0.6875,0.4834905660377359,1,ST,0.41911764705882354,N,0.5916666666666667,Up,1,>70
0.5918367346938775,M,NAP,0.1875,0.4834905660377359,1,Normal,0.6029411764705881,N,0.425,Flat,1,51-60
0.5714285714285714,M,ASY,0.625,0.4834905660377359,1,Normal,0.4044117647058823,Y,0.675,Up,1,51-60
0.6734693877551019,M,ASY,0.5,0.4834905660377359,1,Normal,0.08088235294117646,N,0.7916666666666666,Flat,1,61-70
0.8163265306122449,M,ASY,0.6875,0.4834905660377359,1,Normal,0.5147058823529411,N,0.675,Up,1,61-70
0.6326530612244898,M,NAP,0.4375,0.4834905660377359,1,Normal,0.8014705882352942,N,0.8083333333333333,Flat,1,51-60
0.7142857142857142,M,ASY,0.125,0.4834905660377359,1,Normal,0.31617647058823534,N,0.225,Flat,1,61-70
0.20408163265306123,F,ASY,0.1875,0.4834905660377359,1,Normal,0.7352941176470587,N,0.8416666666666666,Up,1,31-40
0.693877551020408,M,ASY,0.3125,0.4834905660377359,1,Normal,0.45588235294117646,Y,0.7916666666666666,Down,1,61-70
0.36734693877551017,M,ASY,0.125,0.4834905660377359,1,ST,0.4926470588235294,N,0.0,Flat,1,41-50
0.2857142857142857,M,ASY,0.1875,0.4834905660377359,1,Normal,0.45588235294117646,Y,0.125,Down,1,41-50
0.346938775510204,M,NAP,0.25,0.4834905660377359,0,Normal,0.5294117647058822,N,0.35833333333333334,Up,0,41-50
0.6326530612244898,M,ASY,0.4375,0.4834905660377359,1,Normal,0.3897058823529412,Y,0.525,Up,1,51-60
0.4897959183673468,M,ASY,0.0625,0.4834905660377359,1,Normal,0.11764705882352938,Y,0.5083333333333333,Flat,1,51-60
0.6530612244897958,M,ASY,0.5,0.4834905660377359,1,ST,0.4705882352941176,Y,0.5583333333333333,Down,1,51-60
0.6530612244897958,M,NAP,0.3125,0.4834905660377359,1,Normal,0.5661764705882353,N,0.7749999999999999,Up,1,51-60
0.5714285714285714,M,ASY,0.3125,0.4834905660377359,1,ST,0.11764705882352938,N,0.20833333333333334,Up,1,51-60
0.20408163265306123,M,NAP,0.125,0.4834905660377359,0,Normal,0.8308823529411764,N,0.19166666666666665,Up,0,31-40
0.2448979591836734,M,ASY,0.0625,0.4834905660377359,1,ST,0.5735294117647058,N,0.375,Up,1,31-40
0.46938775510204067,M,ASY,0.5,0.4834905660377359,1,Normal,0.7647058823529411,N,0.25833333333333336,Up,1,51-60
0.693877551020408,M,TA,0.375,0.4834905660377359,1,LVH,0.49999999999999994,N,0.24166666666666667,Flat,1,61-70
0.8979591836734693,M,NAP,0.875,0.4834905660377359,0,LVH,0.35294117647058826,N,0.6416666666666666,Flat,0,>70
0.7142857142857142,M,ASY,0.75,0.4834905660377359,1,ST,0.6470588235294117,N,0.9916666666666667,Up,1,61-70
0.7142857142857142,M,ASY,0.625,0.4834905660377359,1,LVH,0.6102941176470587,N,0.7083333333333333,Up,1,61-70
0.7346938775510203,F,ASY,0.0625,0.4834905660377359,1,Normal,0.5808823529411764,N,0.5583333333333333,Down,1,61-70
0.30612244897959184,M,ASY,0.125,0.4834905660377359,1,Normal,0.411764705882353,N,0.625,Down,1,41-50
0.7346938775510203,M,ASY,0.25,0.4834905660377359,1,Normal,0.35294117647058826,Y,0.5916666666666667,Down,1,61-70
0.6734693877551019,M,ASY,0.25,0.4834905660377359,1,Normal,0.3455882352941176,N,0.6083333333333333,Flat,1,61-70
0.4897959183673468,M,ASY,0.5,0.4834905660377359,1,Normal,0.39705882352941174,N,0.375,Flat,1,51-60
0.46938775510204067,M,ASY,0.375,0.4834905660377359,1,Normal,0.2794117647058823,N,0.375,Flat,1,51-60
0.8367346938775508,M,ASY,0.5625,0.4834905660377359,0,Normal,0.4705882352941176,N,0.375,Flat,1,61-70
0.6326530612244898,M,ASY,0.375,0.4834905660377359,0,Normal,0.3602941176470588,N,0.375,Flat,1,51-60
0.40816326530612246,M,ASY,0.3125,0.4834905660377359,1,Normal,0.45588235294117646,N,0.375,Flat,1,41-50
0.8367346938775508,M,ASY,0.5875000000000001,0.4834905660377359,0,ST,0.2794117647058823,Y,0.6416666666666666,Flat,1,61-70
0.16326530612244894,M,ASY,0.25,0.4834905660377359,1,Normal,0.43382352941176466,Y,0.5416666666666666,Flat,1,31-40
0.510204081632653,M,ASY,0.375,0.4834905660377359,1,Normal,0.39705882352941174,N,0.375,Flat,1,51-60
0.30612244897959184,M,ASY,0.625,0.4834905660377359,0,ST,0.5441176470588234,Y,0.4583333333333333,Up,1,41-50
0.5714285714285714,M,ASY,0.375,0.4834905660377359,0,ST,0.24999999999999994,Y,0.20833333333333334,Down,1,51-60
0.6122448979591837,M,ASY,0.5,0.4834905660377359,0,ST,0.24999999999999994,Y,0.5416666666666666,Flat,1,51-60
0.5510204081632653,M,ASY,0.375,0.4834905660377359,0,ST,0.19117647058823534,N,0.425,Up,1,51-60
0.7959183673469388,M,TA,0.6875,0.4834905660377359,0,LVH,0.43382352941176466,N,0.375,Flat,1,61-70
0.36734693877551017,M,ASY,0.3125,0.4834905660377359,0,Normal,0.3455882352941176,Y,0.625,Flat,1,41-50
0.510204081632653,M,ATA,0.375,0.4834905660377359,0,Normal,0.21323529411764702,N,0.375,Flat,1,51-60
0.20408163265306123,M,NAP,0.3125,0.4834905660377359,0,Normal,0.45588235294117646,Y,0.375,Flat,1,31-40
0.510204081632653,M,NAP,0.1875,0.4834905660377359,0,Normal,0.3602941176470588,N,0.375,Flat,1,51-60
0.693877551020408,M,NAP,0.875,0.4834905660377359,0,Normal,0.04411764705882354,Y,0.375,Flat,1,61-70
0.3877551020408163,M,ASY,0.875,0.4834905660377359,0,Normal,0.4264705882352941,Y,0.375,Flat,1,41-50
0.5714285714285714,M,NAP,0.8125,0.4834905660377359,0,ST,0.24264705882352938,N,0.375,Flat,1,51-60
0.5714285714285714,M,ASY,0.375,0.4834905660377359,0,ST,0.6029411764705881,N,0.375,Flat,1,51-60
0.5714285714285714,M,NAP,0.375,0.4834905660377359,0,Normal,0.22794117647058826,N,0.375,Flat,0,51-60
0.7346938775510203,F,ASY,1.0,0.4834905660377359,0,Normal,0.5441176470588234,Y,0.5416666666666666,Flat,1,61-70
0.6734693877551019,M,ASY,0.75,0.4834905660377359,0,Normal,0.37499999999999994,Y,0.7083333333333333,Flat,1,61-70
0.8163265306122449,M,ASY,0.5625,0.4834905660377359,0,ST,0.39705882352941174,Y,0.375,Up,1,61-70
0.5918367346938775,M,ASY,0.625,0.4834905660377359,0,Normal,0.39705882352941174,Y,0.7083333333333333,Flat,1,51-60
0.7142857142857142,M,ASY,0.75,0.4834905660377359,0,Normal,0.14705882352941174,Y,0.7083333333333333,Flat,1,61-70
0.6530612244897958,M,ASY,0.5625,0.4834905660377359,0,Normal,0.0,Y,0.4583333333333333,Up,1,51-60
0.7755102040816326,M,ASY,0.75,0.4834905660377359,0,Normal,0.30882352941176466,Y,0.7083333333333333,Flat,1,61-70
0.7142857142857142,M,ASY,1.0,0.4834905660377359,0,Normal,0.23529411764705882,Y,0.375,Up,1,61-70
0.6326530612244898,M,ASY,0.5625,0.4834905660377359,0,Normal,0.3602941176470588,Y,0.5416666666666666,Flat,1,51-60
0.6734693877551019,M,ASY,0.4375,0.4834905660377359,0,Normal,0.286764705882353,Y,0.375,Down,1,61-70
0.9183673469387754,F,NAP,0.875,0.4834905660377359,0,ST,0.4044117647058823,N,0.375,Up,1,>70
0.3877551020408163,M,NAP,0.8125,0.4834905660377359,0,Normal,0.3823529411764706,Y,0.5416666666666666,Flat,1,41-50
0.7551020408163265,M,ASY,0.875,0.4834905660377359,1,ST,0.411764705882353,N,0.575,Flat,1,61-70
0.857142857142857,M,ASY,0.625,0.4834905660377359,1,Normal,0.6691176470588234,Y,0.7083333333333333,Flat,1,61-70
0.44897959183673475,M,ASY,0.375,0.4834905660377359,0,ST,0.6617647058823528,Y,0.375,Up,1,41-50
0.6530612244897958,M,ASY,0.875,0.4834905660377359,0,ST,0.24264705882352938,Y,0.4583333333333333,Flat,1,51-60
0.44897959183673475,M,ASY,0.3125,0.4834905660377359,0,Normal,0.39705882352941174,Y,0.4583333333333333,Flat,1,41-50
0.30612244897959184,M,ASY,0.3125,0.4834905660377359,0,Normal,0.5808823529411764,Y,0.7083333333333333,Flat,1,41-50
0.20408163265306123,F,ASY,0.25,0.4834905660377359,0,Normal,0.6617647058823528,N,0.375,Flat,1,31-40
0.5306122448979591,M,ASY,0.375,0.4834905660377359,0,Normal,0.6544117647058822,N,0.375,Flat,1,51-60
0.6734693877551019,M,ASY,0.75,0.4834905660377359,0,Normal,0.286764705882353,Y,0.375,Flat,1,61-70
0.2857142857142857,M,ASY,0.6875,0.4834905660377359,0,Normal,0.24264705882352938,Y,0.375,Flat,1,41-50
0.510204081632653,M,ASY,0.5,0.4834905660377359,0,LVH,0.5073529411764706,Y,0.5416666666666666,Flat,1,51-60
0.5510204081632653,M,ASY,0.625,0.4834905660377359,0,Normal,0.12499999999999994,N,0.375,Flat,1,51-60
0.6734693877551019,M,ASY,0.875,0.4834905660377359,1,ST,0.5808823529411764,N,0.5416666666666666,Flat,1,61-70
0.46938775510204067,M,ASY,0.625,0.4834905660377359,0,Normal,0.0,N,0.375,Flat,1,51-60
0.857142857142857,M,ASY,0.3125,0.4834905660377359,0,ST,0.19117647058823534,Y,0.375,Flat,1,61-70
0.6734693877551019,M,ASY,0.5,0.4834905660377359,0,LVH,0.3602941176470588,N,0.375,Flat,1,61-70
0.20408163265306123,M,ASY,0.75,0.4834905660377359,1,Normal,0.39705882352941174,Y,0.49166666666666664,Flat,1,31-40
0.5918367346938775,M,ASY,0.875,0.4834905660377359,1,Normal,0.23529411764705882,Y,0.7083333333333333,Flat,1,51-60
0.20408163265306123,M,ASY,0.5625,0.4834905660377359,1,Normal,0.6176470588235294,N,0.375,Flat,1,31-40
0.693877551020408,F,TA,0.625,0.4834905660377359,1,Normal,0.5661764705882353,N,0.375,Flat,1,61-70
0.6122448979591837,M,ASY,1.0,0.4834905660377359,1,ST,0.286764705882353,Y,0.375,Flat,1,51-60
0.4897959183673468,M,ASY,0.9375,0.4834905660377359,1,Normal,0.411764705882353,Y,0.5416666666666666,Up,1,51-60
0.6734693877551019,M,NAP,1.0,0.4834905660377359,1,ST,0.029411764705882304,N,0.375,Flat,1,61-70
0.44897959183673475,F,ASY,0.875,0.4834905660377359,1,Normal,0.3235294117647059,N,0.375,Flat,1,41-50
0.46938775510204067,M,ASY,0.5,0.4834905660377359,1,ST,0.713235294117647,N,0.375,Flat,1,51-60
0.7551020408163265,M,ASY,0.6875,0.4834905660377359,1,ST,0.007352941176470562,N,0.49166666666666664,Flat,1,61-70
0.4897959183673468,M,ASY,0.5625,0.4834905660377359,1,Normal,0.45588235294117646,Y,0.7083333333333333,Flat,1,51-60
0.3877551020408163,M,NAP,0.25,0.4834905660377359,1,Normal,0.39705882352941174,Y,0.375,Flat,1,41-50
0.1428571428571428,M,ASY,0.375,0.4834905660377359,1,Normal,0.4705882352941176,Y,0.575,Flat,1,31-40
0.5918367346938775,M,ASY,0.625,0.4834905660377359,1,Normal,0.24999999999999994,Y,0.375,Flat,1,51-60
0.693877551020408,M,ASY,0.3125,0.4834905660377359,1,Normal,0.04411764705882354,Y,0.2916666666666667,Flat,1,61-70
0.6326530612244898,M,ASY,0.25,0.4834905660377359,1,Normal,0.20588235294117646,N,0.375,Flat,1,51-60
0.510204081632653,M,NAP,0.875,0.4834905660377359,1,LVH,0.411764705882353,Y,0.375,Flat,1,51-60
0.693877551020408,M,ASY,0.75,0.4834905660377359,1,ST,0.08823529411764702,N,0.7083333333333333,Flat,1,61-70
0.5306122448979591,M,ASY,1.0,0.4834905660377359,1,Normal,0.6176470588235294,N,0.625,Flat,1,51-60
0.5714285714285714,M,ASY,0.4375,0.4834905660377359,1,Normal,0.27205882352941174,Y,0.5416666666666666,Flat,1,51-60
0.5714285714285714,M,NAP,0.4375,0.4834905660377359,1,Normal,0.23529411764705882,N,0.041666666666666685,Flat,1,51-60
0.5306122448979591,M,ASY,0.5,0.4834905660377359,1,Normal,0.3235294117647059,Y,0.875,Flat,1,51-60
0.7755102040816326,F,ASY,0.8125,0.4834905660377359,1,Normal,0.1764705882352941,N,0.375,Flat,1,61-70
0.7142857142857142,M,ASY,0.625,0.5919811320754716,0,ST,0.338235294117647,Y,0.875,Flat,1,61-70
0.3265306122448979,M,ASY,0.5,0.3514150943396226,0,ST,0.4485294117647059,N,0.375,Up,0,41-50
0.6530612244897958,M,ASY,0.5250000000000001,0.39386792452830177,0,ST,0.5441176470588234,Y,0.625,Down,1,51-60
0.5510204081632653,M,ASY,0.6500000000000001,0.4410377358490566,0,ST,0.6102941176470587,Y,0.7916666666666666,Up,1,51-60
0.7755102040816326,M,NAP,0.25,0.3702830188679246,1,LVH,0.24264705882352938,Y,0.5916666666666667,Flat,0,61-70
0.7755102040816326,M,NAP,0.375,0.4834905660377359,0,ST,0.39705882352941174,N,0.2916666666666667,Up,0,61-70
0.7551020408163265,M,ASY,0.75,0.47877358490566035,1,ST,0.286764705882353,Y,0.375,Flat,1,61-70
0.6530612244897958,M,NAP,1.0,0.4834905660377359,0,ST,0.5441176470588234,Y,0.625,Flat,0,51-60
0.6530612244897958,M,NAP,0.375,0.4834905660377359,1,Normal,0.5514705882352942,Y,0.7083333333333333,Up,1,51-60
0.6530612244897958,M,ATA,0.875,0.6249999999999999,1,ST,0.6691176470588234,N,0.4583333333333333,Flat,1,51-60
0.5714285714285714,M,ATA,0.4500000000000002,0.1485849056603773,0,ST,0.5441176470588234,N,0.375,Up,0,51-60
0.6326530612244898,M,ASY,0.625,0.4834905660377359,0,ST,0.37499999999999994,Y,0.5416666666666666,Flat,1,51-60
0.693877551020408,M,ASY,0.25,0.4834905660377359,0,Normal,0.39705882352941174,Y,0.4583333333333333,Flat,1,61-70
0.7142857142857142,M,NAP,0.5375000000000001,0.4834905660377359,0,LVH,0.39705882352941174,Y,0.5416666666666666,Flat,1,61-70
0.5918367346938775,M,ASY,0.4750000000000001,0.4834905660377359,1,ST,0.6029411764705881,Y,0.5416666666666666,Flat,1,51-60
0.693877551020408,M,ASY,0.375,0.4033018867924528,0,ST,0.14705882352941174,N,0.375,Up,0,61-70
0.7142857142857142,M,ASY,1.0,0.20047169811320753,0,Normal,0.13235294117647062,Y,0.7916666666666666,Down,1,61-70
0.36734693877551017,M,ASY,0.25,0.47877358490566035,0,Normal,0.43382352941176466,Y,0.7083333333333333,Flat,1,41-50
0.7142857142857142,M,ASY,0.4500000000000002,0.4834905660377359,0,ST,0.39705882352941174,N,0.625,Down,0,61-70
0.6530612244897958,M,ASY,0.7750000000000001,0.4834905660377359,0,ST,0.3823529411764706,Y,0.375,Up,0,51-60
0.6122448979591837,M,ASY,0.3250000000000002,0.4834905660377359,0,Normal,0.4264705882352941,N,0.5416666666666666,Up,1,51-60
0.7346938775510203,M,ASY,0.375,0.4834905660377359,1,ST,0.29411764705882354,N,0.7083333333333333,Flat,1,61-70
0.7142857142857142,M,NAP,0.5,0.4834905660377359,0,ST,0.33088235294117646,Y,0.375,Flat,1,61-70
0.9387755102040816,M,NAP,0.6000000000000001,0.4834905660377359,0,Normal,0.3676470588235294,N,0.4083333333333333,Up,0,>70
0.4897959183673468,M,NAP,0.4750000000000001,0.4834905660377359,0,ST,0.838235294117647,N,0.875,Up,1,51-60
0.8367346938775508,M,ASY,0.5,0.4834905660377359,1,ST,0.463235294117647,N,0.5416666666666666,Flat,1,61-70
0.46938775510204067,M,ASY,0.4750000000000001,0.4834905660377359,1,ST,0.43382352941176466,Y,0.575,Flat,1,51-60
0.6530612244897958,M,ASY,0.5,0.2429245283018867,1,ST,0.5441176470588234,Y,0.4583333333333333,Flat,1,51-60
0.5714285714285714,M,ASY,0.375,0.0,0,Normal,0.39705882352941174,Y,0.625,Flat,1,51-60
0.5510204081632653,M,NAP,0.5750000000000002,0.4410377358490566,0,ST,0.4264705882352941,Y,0.6416666666666666,Flat,1,51-60
0.5306122448979591,M,ASY,0.5,0.4834905660377359,0,ST,0.37499999999999994,Y,0.6083333333333333,Flat,1,51-60
1.0,M,ASY,0.42500000000000004,0.1721698113207547,0,ST,0.3235294117647059,Y,0.7083333333333333,Up,1,>70
0.7142857142857142,M,ASY,0.875,0.4504716981132074,1,Normal,0.286764705882353,Y,0.5416666666666666,Flat,1,61-70
0.5510204081632653,M,NAP,0.5,0.4834905660377359,0,Normal,0.6544117647058822,N,0.625,Flat,1,51-60
0.4897959183673468,M,NAP,0.40000000000000013,0.4834905660377359,0,Normal,0.3235294117647059,Y,0.7083333333333333,Down,1,51-60
0.7346938775510203,M,ASY,0.675,0.4834905660377359,0,ST,0.411764705882353,Y,0.5416666666666666,Flat,1,61-70
0.6530612244897958,M,ASY,0.625,0.6910377358490566,0,ST,0.3823529411764706,Y,0.625,Flat,1,51-60
0.6530612244897958,M,ASY,0.375,0.4834905660377359,0,Normal,0.4926470588235294,Y,0.7083333333333333,Up,0,51-60
0.6122448979591837,M,ASY,0.5750000000000002,0.32311320754716977,1,Normal,0.41911764705882354,Y,0.575,Flat,1,51-60
0.6326530612244898,M,ASY,0.8,0.4834905660377359,0,ST,0.47794117647058826,Y,0.625,Up,0,51-60
0.6734693877551019,M,NAP,0.375,0.4834905660377359,0,Normal,0.10294117647058826,Y,0.375,Flat,1,61-70
0.2448979591836734,M,ASY,0.4375,0.4834905660377359,1,Normal,0.7279411764705881,N,0.375,Flat,1,31-40
0.6734693877551019,M,ASY,0.55,0.4834905660377359,1,ST,0.14705882352941174,N,0.625,Flat,1,61-70
0.26530612244897955,M,ASY,0.17500000000000004,0.4834905660377359,0,ST,0.33088235294117646,N,0.375,Up,0,41-50
0.5918367346938775,M,ASY,0.6125,0.6721698113207547,1,ST,0.3823529411764706,Y,0.6916666666666667,Flat,1,51-60
0.7142857142857142,M,ASY,0.5750000000000002,0.4834905660377359,0,Normal,0.13235294117647062,Y,0.375,Flat,1,61-70
0.6326530612244898,M,ASY,0.40000000000000013,0.464622641509434,0,Normal,0.37499999999999994,Y,0.5916666666666667,Down,1,51-60
0.46938775510204067,M,ASY,0.4750000000000001,0.4834905660377359,0,Normal,0.3014705882352941,N,0.375,Up,0,51-60
0.6326530612244898,M,NAP,0.5125000000000002,0.4834905660377359,0,Normal,0.45588235294117646,Y,0.7083333333333333,Down,1,51-60
0.2857142857142857,M,NAP,0.55,0.49764150943396224,0,Normal,0.6911764705882353,N,0.375,Up,0,41-50
0.5510204081632653,M,NAP,0.375,0.4834905660377359,0,ST,0.43382352941176466,Y,0.7916666666666666,Flat,1,51-60
0.7142857142857142,F,ATA,0.5250000000000001,0.4834905660377359,0,Normal,0.4705882352941176,N,0.39166666666666666,Up,0,61-70
0.693877551020408,M,ASY,0.7750000000000001,0.08726415094339623,0,ST,0.22794117647058826,Y,0.6416666666666666,Up,1,61-70
0.5714285714285714,M,ATA,0.42500000000000004,0.4221698113207547,1,Normal,0.6985294117647058,N,0.7083333333333333,Flat,0,51-60
0.510204081632653,M,ASY,0.4500000000000002,0.4834905660377359,0,Normal,0.29411764705882354,N,0.375,Flat,1,51-60
0.8163265306122449,M,ASY,0.6000000000000001,0.4834905660377359,0,Normal,0.4705882352941176,Y,0.875,Flat,1,61-70
0.510204081632653,M,ASY,0.8,0.4834905660377359,1,ST,0.5441176470588234,Y,0.625,Flat,1,51-60
0.6530612244897958,M,NAP,0.6375000000000002,0.856132075471698,1,ST,0.411764705882353,Y,0.6583333333333333,Flat,1,51-60
0.693877551020408,M,ATA,0.5125000000000002,0.4834905660377359,0,Normal,0.4705882352941176,N,0.39166666666666666,Up,0,61-70
0.6326530612244898,M,ASY,1.0,0.4834905660377359,1,LVH,0.39705882352941174,Y,0.375,Flat,1,51-60
0.46938775510204067,M,ASY,0.5250000000000001,0.39386792452830177,1,LVH,0.5367647058823528,N,0.39166666666666666,Up,0,51-60
0.6734693877551019,M,ASY,0.25,0.4834905660377359,1,Normal,0.30882352941176466,Y,0.7083333333333333,Down,1,61-70
0.5918367346938775,M,ASY,0.5,0.8325471698113206,1,ST,0.6029411764705881,Y,0.7083333333333333,Flat,1,51-60
0.5714285714285714,M,NAP,1.0,0.4834905660377359,0,LVH,0.41911764705882354,Y,0.7916666666666666,Flat,1,51-60
0.6122448979591837,M,ATA,0.4500000000000002,0.4834905660377359,1,Normal,0.3235294117647059,Y,0.7083333333333333,Flat,1,51-60
0.8367346938775508,M,NAP,0.625,0.4834905660377359,1,ST,0.3823529411764706,N,0.7916666666666666,Down,1,61-70
0.7959183673469388,M,TA,0.6500000000000001,0.6391509433962265,1,Normal,0.43382352941176466,N,0.7916666666666666,Up,1,61-70
0.6122448979591837,M,ASY,0.375,0.4834905660377359,0,LVH,0.29411764705882354,Y,0.625,Down,1,51-60
0.7551020408163265,M,ASY,0.55,0.4834905660377359,0,Normal,0.338235294117647,Y,0.5583333333333333,Flat,1,61-70
0.7142857142857142,M,ATA,0.6125,0.38915094339622647,1,ST,0.45588235294117646,Y,0.575,Flat,1,61-70
0.5510204081632653,M,ATA,0.25,0.3749999999999999,1,ST,0.838235294117647,N,0.44166666666666665,Up,0,51-60
0.5918367346938775,M,ASY,0.625,0.3749999999999999,0,ST,0.5735294117647058,Y,0.7083333333333333,Flat,1,51-60
0.7551020408163265,M,TA,0.625,0.5542452830188679,0,Normal,0.5073529411764706,N,0.425,Up,0,61-70
0.5306122448979591,M,ASY,0.5750000000000002,0.4033018867924528,0,Normal,0.5441176470588234,Y,0.875,Flat,1,51-60
0.8979591836734693,M,NAP,0.375,0.3749999999999999,0,Normal,0.2647058823529412,Y,0.5416666666666666,Flat,1,>70
0.9591836734693877,M,ASY,1.0,0.32311320754716977,1,ST,0.30882352941176466,N,0.375,Flat,1,>70
0.4285714285714285,M,TA,0.5,0.4834905660377359,0,ST,0.5808823529411764,N,0.875,Flat,1,41-50
0.46938775510204067,M,NAP,0.5875000000000001,0.964622641509434,0,Normal,0.4485294117647059,Y,0.6583333333333333,Flat,1,51-60
0.6530612244897958,M,ASY,0.6500000000000001,0.38443396226415094,0,Normal,0.3235294117647059,Y,0.7916666666666666,Flat,1,51-60
0.7346938775510203,F,ASY,0.6500000000000001,0.6674528301886792,0,Normal,0.5441176470588234,Y,0.5416666666666666,Flat,1,61-70
0.6122448979591837,M,ASY,0.5250000000000001,0.9999999999999999,1,Normal,0.022058823529411742,N,0.5416666666666666,Down,0,51-60
0.6734693877551019,M,ASY,0.7000000000000002,0.5023584905660378,0,Normal,0.6029411764705881,Y,0.875,Down,1,61-70
0.7959183673469388,M,ASY,0.875,0.9999999999999999,1,ST,0.4705882352941176,Y,0.375,Flat,1,61-70
0.693877551020408,M,ASY,0.5625,0.7665094339622641,0,Normal,0.4705882352941176,Y,0.5416666666666666,Flat,1,61-70
0.7551020408163265,M,ASY,0.5750000000000002,0.535377358490566,0,Normal,0.5441176470588234,Y,1.0,Down,1,61-70
0.7142857142857142,M,ASY,0.5,0.8183962264150942,0,Normal,0.5294117647058822,Y,0.7083333333333333,Flat,1,61-70
0.8367346938775508,M,ASY,0.625,0.3466981132075472,0,ST,0.5441176470588234,Y,0.7083333333333333,Flat,1,61-70
0.46938775510204067,M,ASY,0.5250000000000001,0.43632075471698106,1,ST,0.5294117647058822,N,0.4083333333333333,Up,0,51-60
0.693877551020408,M,ASY,0.8500000000000001,0.3561320754716981,1,Normal,0.338235294117647,Y,0.875,Down,1,61-70
0.5510204081632653,M,NAP,0.5750000000000002,0.5212264150943396,1,ST,0.47794117647058826,Y,0.575,Flat,1,51-60
0.9591836734693877,M,ASY,0.5750000000000002,0.42688679245283023,0,Normal,0.338235294117647,Y,0.875,Flat,1,>70
0.2448979591836734,M,NAP,0.20000000000000018,0.49764150943396224,0,Normal,0.10294117647058826,Y,0.375,Up,0,31-40
0.7959183673469388,M,ASY,0.375,0.4834905660377359,1,Normal,0.6176470588235294,N,0.625,Down,1,61-70
0.6122448979591837,M,ASY,0.25,0.29952830188679247,0,Normal,0.3235294117647059,N,0.375,Flat,1,51-60
0.6530612244897958,M,ASY,0.5750000000000002,0.285377358490566,0,Normal,0.44117647058823534,N,0.425,Up,0,51-60
0.7142857142857142,M,ASY,0.875,0.6249999999999999,1,ST,0.16176470588235298,Y,0.7083333333333333,Flat,1,61-70
0.1428571428571428,M,NAP,0.4125000000000001,0.125,0,ST,0.6397058823529411,N,0.35833333333333334,Up,0,31-40
0.693877551020408,M,TA,0.27500000000000013,0.5825471698113208,0,ST,0.6176470588235294,Y,0.5916666666666667,Flat,1,61-70
0.30612244897959184,M,ASY,0.40000000000000013,0.4834905660377359,0,Normal,0.39705882352941174,N,0.4583333333333333,Up,1,41-50
0.7142857142857142,M,NAP,0.5,0.4834905660377359,1,ST,0.6911764705882353,N,0.875,Flat,0,61-70
0.8163265306122449,M,NAP,0.75,0.285377358490566,1,Normal,0.4852941176470588,N,0.375,Flat,1,61-70
0.7551020408163265,M,ASY,0.75,0.47405660377358483,0,Normal,0.39705882352941174,Y,0.625,Flat,1,61-70
0.40816326530612246,M,NAP,0.15000000000000013,0.4834905660377359,1,ST,0.3235294117647059,Y,0.5416666666666666,Down,1,41-50
0.7142857142857142,M,ASY,0.07500000000000018,0.8042452830188679,0,ST,0.4044117647058823,Y,0.5416666666666666,Up,1,61-70
0.7346938775510203,M,ASY,0.5,0.4174528301886792,0,ST,0.45588235294117646,N,0.4583333333333333,Flat,0,61-70
0.6734693877551019,M,ASY,0.375,0.6957547169811321,0,ST,0.5073529411764706,Y,1.0,Down,1,61-70
0.44897959183673475,M,ASY,0.675,0.9999999999999999,0,LVH,0.39705882352941174,Y,0.5416666666666666,Up,1,41-50
0.6326530612244898,M,ASY,0.42500000000000004,0.12028301886792447,0,Normal,0.37499999999999994,Y,0.5416666666666666,Flat,1,51-60
0.5510204081632653,M,ASY,0.75,0.12028301886792447,0,ST,0.6176470588235294,N,0.375,Up,0,51-60
0.346938775510204,M,NAP,0.5,0.47877358490566035,0,Normal,0.5735294117647058,N,0.39166666666666666,Up,0,41-50
0.7551020408163265,M,ASY,0.675,0.8372641509433961,0,LVH,0.3455882352941176,Y,0.6583333333333333,Flat,1,61-70
0.6734693877551019,M,ATA,0.6125,0.7004716981132074,0,Normal,0.5073529411764706,N,0.425,Up,0,61-70
0.4285714285714285,M,NAP,0.5125000000000002,0.035377358490566,0,Normal,0.4485294117647059,Y,0.625,Flat,1,41-50
0.8979591836734693,M,ASY,0.6625000000000001,0.36084905660377353,0,Normal,0.31617647058823534,Y,0.6083333333333333,Flat,1,>70
0.44897959183673475,M,ASY,0.5375000000000001,0.39386792452830177,0,Normal,0.45588235294117646,Y,0.5583333333333333,Flat,1,41-50
0.7346938775510203,M,ASY,0.6625000000000001,0.8089622641509434,1,ST,0.3602941176470588,Y,0.675,Flat,1,61-70
0.5510204081632653,M,ASY,0.3250000000000002,0.2429245283018867,1,ST,0.2647058823529412,N,0.375,Flat,1,51-60
0.7142857142857142,M,ASY,0.25,0.5542452830188679,0,ST,0.5441176470588234,Y,0.7083333333333333,Flat,1,61-70
0.6326530612244898,M,ASY,0.4375,0.41273584905660365,0,Normal,0.5073529411764706,Y,0.7916666666666666,Down,1,51-60
0.5714285714285714,M,ASY,0.5,0.4834905660377359,0,LVH,0.411764705882353,Y,0.5416666666666666,Flat,1,51-60
0.693877551020408,M,NAP,0.5375000000000001,0.4834905660377359,1,ST,0.3897058823529412,Y,0.575,Flat,1,61-70
0.9387755102040816,M,ASY,0.75,0.5825471698113208,1,ST,0.4705882352941176,Y,1.0,Down,1,>70
0.5306122448979591,M,ASY,0.5,0.31839622641509435,1,Normal,0.338235294117647,Y,0.7083333333333333,Flat,1,51-60
0.5918367346938775,M,ASY,0.25,0.29481132075471694,0,LVH,0.24999999999999994,N,0.375,Up,0,51-60
0.693877551020408,M,NAP,0.6000000000000001,0.3278301886792453,0,ST,0.411764705882353,Y,0.575,Flat,1,61-70
0.9795918367346939,M,NAP,0.17500000000000004,0.0,0,LVH,0.39705882352941174,N,0.9583333333333333,Down,1,>70
0.5306122448979591,F,ASY,0.6000000000000001,0.6580188679245284,0,Normal,0.286764705882353,Y,0.625,Flat,1,51-60
0.857142857142857,M,ASY,1.0,0.27122641509433965,0,ST,0.463235294117647,Y,0.875,Down,1,61-70
0.6734693877551019,F,ATA,0.625,0.7712264150943396,1,Normal,0.39705882352941174,Y,0.375,Up,0,61-70
0.40816326530612246,M,ASY,0.5250000000000001,0.6485849056603773,0,ST,0.5367647058823528,N,0.4083333333333333,Up,0,41-50
0.40816326530612246,M,NAP,0.5250000000000001,0.4033018867924528,1,ST,0.7058823529411764,N,0.375,Flat,1,41-50
0.6734693877551019,M,TA,0.6500000000000001,0.3089622641509434,1,ST,0.24999999999999994,N,0.625,Down,1,61-70
0.7755102040816326,M,ASY,0.27500000000000013,0.5966981132075472,0,Normal,0.5441176470588234,N,0.625,Up,1,61-70
0.8163265306122449,M,TA,0.6125,0.2193396226415094,1,ST,0.5073529411764706,N,0.4083333333333333,Up,0,61-70
0.5510204081632653,M,ASY,1.0,0.5919811320754716,0,Normal,0.0514705882352941,N,0.7083333333333333,Flat,1,51-60
0.693877551020408,M,NAP,0.375,0.4033018867924528,0,LVH,0.14705882352941174,N,0.375,Up,0,61-70
0.8775510204081631,M,NAP,0.675,0.40801886792452835,0,Normal,0.30882352941176466,Y,0.675,Flat,1,>70
0.9387755102040816,M,TA,0.6875,0.38443396226415094,1,Normal,0.3676470588235294,Y,0.675,Flat,1,>70
0.510204081632653,M,NAP,0.8125,0.1910377358490566,1,ST,0.6911764705882353,N,0.425,Up,0,51-60
0.6122448979591837,M,NAP,0.75,0.3985849056603773,0,ST,0.3823529411764706,Y,0.375,Flat,1,51-60
0.9591836734693877,M,ASY,0.875,0.8278301886792453,1,Normal,0.338235294117647,Y,0.7083333333333333,Down,0,>70
0.5714285714285714,M,NAP,0.5875000000000001,0.3466981132075472,1,ST,0.411764705882353,Y,0.675,Flat,1,51-60
0.6122448979591837,M,NAP,0.5875000000000001,0.45990566037735847,0,ST,0.4264705882352941,Y,0.6083333333333333,Flat,1,51-60
0.7346938775510203,M,ASY,0.55,0.6533018867924528,0,Normal,0.2647058823529412,Y,1.0,Down,1,61-70
0.5306122448979591,M,NAP,0.5375000000000001,0.32311320754716977,0,ST,0.5220588235294117,N,0.4083333333333333,Up,0,51-60
0.5306122448979591,M,ATA,0.5250000000000001,0.22405660377358483,0,ST,0.5514705882352942,N,0.39166666666666666,Up,0,51-60
0.6326530612244898,M,ASY,0.625,0.6580188679245284,0,Normal,0.6470588235294117,Y,0.7083333333333333,Flat,0,51-60
0.5510204081632653,M,ASY,0.5625,0.3278301886792453,1,ST,0.44117647058823534,Y,0.5583333333333333,Flat,1,51-60
0.5918367346938775,M,ASY,0.675,0.6391509433962265,1,ST,0.6911764705882353,Y,0.7083333333333333,Flat,1,51-60
0.6734693877551019,M,ASY,0.6375000000000002,0.7429245283018867,0,ST,0.3602941176470588,Y,0.6583333333333333,Flat,1,61-70
0.26530612244897955,M,ASY,0.75,0.1721698113207547,0,Normal,0.45588235294117646,Y,0.625,Flat,0,41-50
0.8775510204081631,M,ASY,0.5,0.40801886792452835,0,ST,0.3602941176470588,Y,0.375,Flat,1,>70
0.20408163265306123,M,ASY,0.25,0.7287735849056604,0,Normal,0.286764705882353,Y,0.625,Down,1,31-40
0.5510204081632653,M,ASY,0.8500000000000001,0.38915094339622647,0,Normal,0.3235294117647059,Y,0.7916666666666666,Flat,1,51-60
0.5714285714285714,M,ASY,0.4750000000000001,0.4174528301886792,0,ST,0.3897058823529412,Y,0.7083333333333333,Down,1,51-60
0.8367346938775508,M,ASY,0.625,0.0,1,Normal,0.31617647058823534,Y,0.625,Flat,1,61-70
0.7346938775510203,M,ASY,0.75,0.27594339622641506,0,ST,0.5073529411764706,Y,0.4583333333333333,Flat,1,61-70
0.8979591836734693,M,ASY,0.875,0.0,1,LVH,0.4705882352941176,N,0.625,Flat,1,>70
0.8367346938775508,M,ASY,0.6500000000000001,0.3561320754716981,1,ST,0.338235294117647,Y,0.625,Flat,1,61-70
0.5714285714285714,M,ASY,0.5875000000000001,0.6957547169811321,1,Normal,0.44117647058823534,Y,0.575,Flat,1,51-60
0.693877551020408,M,ASY,0.6125,0.16745283018867918,0,ST,0.39705882352941174,Y,0.875,Flat,1,61-70
0.7959183673469388,M,ASY,0.7000000000000002,0.9999999999999999,0,Normal,0.3235294117647059,Y,0.6916666666666667,Flat,1,61-70
0.5918367346938775,M,ASY,0.8250000000000002,0.18160377358490565,0,LVH,0.3897058823529412,Y,0.875,Down,1,51-60
0.8367346938775508,M,ASY,0.6875,0.7287735849056604,1,ST,0.3235294117647059,Y,0.675,Flat,1,61-70
0.46938775510204067,M,ASY,0.5125000000000002,0.08254716981132071,1,LVH,0.4705882352941176,Y,0.5416666666666666,Flat,1,51-60
0.40816326530612246,M,ASY,0.625,0.3466981132075472,0,Normal,0.6838235294117647,Y,0.625,Up,1,41-50
0.8367346938775508,M,ASY,0.40000000000000013,0.38443396226415094,1,LVH,0.13235294117647062,Y,0.375,Flat,1,61-70
0.8367346938775508,M,NAP,0.6500000000000001,0.6438679245283018,0,LVH,0.44117647058823534,N,0.425,Up,0,61-70
0.7346938775510203,M,ASY,0.6375000000000002,0.5165094339622641,1,ST,0.3676470588235294,Y,0.625,Flat,1,61-70
0.5918367346938775,M,ATA,1.0,0.7099056603773585,1,ST,0.39705882352941174,N,0.5083333333333333,Flat,1,51-60
0.510204081632653,M,ASY,0.42500000000000004,0.5117924528301886,0,Normal,0.411764705882353,Y,0.7083333333333333,Flat,1,51-60
0.18367346938775508,M,NAP,0.3500000000000001,0.49764150943396224,0,LVH,0.7279411764705881,N,0.5416666666666666,Flat,0,31-40
0.7959183673469388,M,ASY,0.625,0.3985849056603773,0,ST,0.411764705882353,Y,0.7083333333333333,Flat,1,61-70
0.9387755102040816,M,NAP,0.625,0.4834905660377359,1,Normal,0.20588235294117646,N,0.375,Flat,1,>70
0.7142857142857142,M,ATA,0.5750000000000002,0.14386792452830188,0,ST,0.4926470588235294,N,0.4083333333333333,Up,0,61-70
0.6122448979591837,M,ASY,0.125,0.3702830188679246,0,ST,0.3235294117647059,N,0.375,Up,0,51-60
0.6734693877551019,M,ASY,1.0,0.7193396226415093,1,LVH,0.6176470588235294,Y,0.7083333333333333,Down,1,61-70
0.7346938775510203,M,ASY,0.5,0.5825471698113208,1,LVH,0.4705882352941176,N,0.375,Flat,1,61-70
0.6122448979591837,M,ASY,0.875,0.5731132075471698,1,LVH,0.3455882352941176,Y,0.5416666666666666,Up,1,51-60
0.6530612244897958,M,ASY,0.5,0.2429245283018867,1,LVH,0.5441176470588234,Y,0.4583333333333333,Flat,1,51-60
0.5918367346938775,M,ASY,0.40000000000000013,0.6108490566037735,0,LVH,0.24999999999999994,N,0.375,Flat,1,51-60
0.5510204081632653,M,NAP,0.5375000000000001,0.2382075471698113,0,ST,0.5147058823529411,N,0.4083333333333333,Up,0,51-60
0.5510204081632653,M,ASY,0.375,0.43160377358490554,0,LVH,0.4485294117647059,Y,0.6583333333333333,Down,1,51-60
0.5714285714285714,M,ASY,0.5,0.32311320754716977,1,Normal,0.23529411764705882,N,0.625,Flat,1,51-60
0.5918367346938775,M,ASY,0.5,0.34198113207547165,0,ST,0.22058823529411759,Y,0.5416666666666666,Flat,0,51-60
0.6734693877551019,M,NAP,0.625,0.705188679245283,0,Normal,0.41911764705882354,Y,0.5916666666666667,Flat,1,61-70
0.6734693877551019,M,NAP,0.375,0.955188679245283,0,Normal,0.23529411764705882,Y,0.375,Flat,1,61-70
0.9387755102040816,M,ASY,0.8125,0.8278301886792453,0,Normal,0.338235294117647,Y,0.625,Down,1,>70
0.8163265306122449,M,NAP,0.55,0.5636792452830187,1,Normal,0.625,Y,0.375,Up,0,61-70
0.46938775510204067,F,ASY,0.30000000000000004,0.5825471698113208,1,LVH,0.22058823529411759,N,0.5416666666666666,Up,0,51-60
0.693877551020408,M,ASY,0.875,0.5636792452830187,1,ST,0.30882352941176466,Y,0.875,Flat,1,61-70
0.510204081632653,M,ASY,0.675,0.7806603773584905,1,ST,0.45588235294117646,Y,0.625,Flat,1,51-60
0.693877551020408,M,ASY,0.8500000000000001,0.16745283018867918,0,ST,0.5294117647058822,Y,0.375,Flat,1,61-70
0.36734693877551017,M,ASY,0.55,0.8278301886792453,0,Normal,0.44117647058823534,N,0.375,Flat,1,41-50
0.5306122448979591,F,ASY,0.46250000000000013,0.9363207547169811,1,ST,0.6470588235294117,N,0.375,Flat,1,51-60
0.693877551020408,M,TA,0.5625,0.021226415094339646,0,ST,0.5220588235294117,N,0.4083333333333333,Up,0,61-70
0.5510204081632653,M,ASY,0.40000000000000013,0.4174528301886792,1,ST,0.24999999999999994,N,0.375,Flat,1,51-60
0.6122448979591837,M,ASY,0.625,0.9999999999999999,1,LVH,0.5073529411764706,N,0.425,Up,0,51-60
0.693877551020408,M,ATA,0.375,0.5636792452830187,0,LVH,0.1985294117647059,Y,0.375,Flat,1,61-70
0.857142857142857,M,ASY,0.5,0.8844339622641509,0,LVH,0.31617647058823534,N,0.7749999999999999,Flat,1,61-70
0.7959183673469388,F,NAP,0.3125,0.9999999999999999,0,LVH,0.6911764705882353,N,0.6416666666666666,Flat,0,61-70
0.5918367346938775,M,ATA,0.42500000000000004,0.5966981132075472,0,Normal,0.5514705882352942,N,0.425,Up,1,51-60
0.7346938775510203,M,ASY,0.4750000000000001,0.606132075471698,0,Normal,0.286764705882353,Y,0.4083333333333333,Flat,0,61-70
0.9387755102040816,F,ATA,0.375,0.6344339622641509,0,LVH,0.4044117647058823,Y,0.4083333333333333,Up,0,>70
0.7551020408163265,M,ASY,0.375,0.20047169811320753,0,Normal,0.5441176470588234,N,0.44166666666666665,Up,0,61-70
0.5714285714285714,M,NAP,0.5,0.5731132075471698,1,LVH,0.5588235294117647,Y,0.475,Flat,1,51-60
0.6326530612244898,M,ASY,0.25,0.4929245283018867,0,LVH,0.5588235294117647,Y,0.575,Flat,1,51-60
0.6530612244897958,M,ASY,0.625,0.7476415094339622,0,LVH,0.7647058823529411,N,0.575,Flat,1,51-60
0.7142857142857142,F,ASY,0.75,0.9999999999999999,0,LVH,0.6470588235294117,N,1.0,Flat,1,61-70
0.6326530612244898,M,ASY,0.5625,0.4693396226415093,0,Normal,0.6985294117647058,N,0.4583333333333333,Flat,0,51-60
0.510204081632653,M,ASY,0.6500000000000001,0.43160377358490554,0,LVH,0.33088235294117646,Y,0.375,Up,0,51-60
0.3265306122448979,M,NAP,0.625,0.47405660377358483,0,LVH,0.838235294117647,N,0.375,Up,0,41-50
0.6734693877551019,M,TA,0.55,0.4693396226415093,0,Normal,0.5808823529411764,N,0.8083333333333333,Flat,1,61-70
0.5918367346938775,F,ASY,0.4750000000000001,0.7948113207547168,0,LVH,0.6838235294117647,N,0.375,Up,0,51-60
0.8775510204081631,F,ASY,0.27500000000000013,0.06839622641509435,0,Normal,0.43382352941176466,N,0.6416666666666666,Flat,0,>70
0.36734693877551017,M,ASY,0.625,0.8325471698113206,0,Normal,0.39705882352941174,Y,0.675,Flat,1,41-50
0.510204081632653,M,ASY,0.625,0.32311320754716977,1,LVH,0.6544117647058822,Y,0.8916666666666666,Down,1,51-60
0.7346938775510203,M,TA,0.25,0.36084905660377353,0,LVH,0.5735294117647058,Y,0.675,Flat,0,61-70
0.2448979591836734,M,TA,0.625,0.3042452830188679,0,Normal,0.8235294117647058,Y,0.6083333333333333,Up,0,31-40
0.7959183673469388,M,ASY,0.375,0.4457547169811321,0,LVH,0.463235294117647,Y,0.8083333333333333,Flat,1,61-70
0.40816326530612246,M,ATA,0.5,0.5212264150943396,0,LVH,0.838235294117647,N,0.4083333333333333,Flat,0,41-50
0.30612244897959184,M,ASY,0.3125,0.7948113207547168,0,Normal,0.8455882352941175,N,0.575,Flat,0,41-50
0.3877551020408163,M,ASY,0.27500000000000013,0.3278301886792453,0,Normal,0.5661764705882353,N,0.39166666666666666,Up,0,41-50
0.5306122448979591,F,ATA,0.5250000000000001,0.7240566037735848,1,LVH,0.6838235294117647,Y,0.375,Up,0,51-60
0.40816326530612246,F,NAP,0.5,0.6627358490566037,0,Normal,0.5367647058823528,N,0.4083333333333333,Up,0,41-50
0.36734693877551017,F,ASY,0.6000000000000001,0.5117924528301886,0,LVH,0.6323529411764706,Y,0.375,Flat,0,41-50
0.46938775510204067,F,NAP,0.375,0.7570754716981131,0,LVH,0.6691176470588234,N,0.475,Up,0,51-60
0.6122448979591837,M,NAP,0.27500000000000013,0.4504716981132074,0,LVH,0.7279411764705881,N,0.7916666666666666,Flat,1,51-60
0.8775510204081631,F,NAP,0.25,0.6155660377358491,1,LVH,0.4705882352941176,N,0.375,Up,0,>70
0.5918367346938775,M,NAP,0.4750000000000001,0.4457547169811321,0,LVH,0.6176470588235294,N,0.44166666666666665,Flat,1,51-60
0.7755102040816326,M,ASY,0.875,0.4410377358490566,0,LVH,0.5294117647058822,N,0.7583333333333333,Up,0,61-70
0.18367346938775508,F,NAP,0.375,0.3797169811320754,0,Normal,0.7647058823529411,N,0.375,Up,0,31-40
0.6326530612244898,M,ASY,1.0,0.9033018867924528,0,LVH,0.5441176470588234,Y,0.9416666666666667,Down,1,51-60
0.44897959183673475,M,ASY,0.675,0.3089622641509434,0,LVH,0.44117647058823534,Y,0.525,Flat,1,41-50
0.40816326530612246,M,ASY,0.5,0.5731132075471698,1,LVH,0.6176470588235294,Y,0.375,Up,1,41-50
0.6734693877551019,M,ASY,0.625,0.34198113207547165,0,LVH,0.5294117647058822,Y,0.6916666666666667,Up,1,61-70
0.6326530612244898,M,TA,0.875,0.6533018867924528,0,LVH,0.43382352941176466,N,0.375,Up,1,51-60
0.2857142857142857,M,NAP,0.5,0.2146226415094339,0,Normal,0.6176470588235294,N,0.375,Up,0,41-50
0.40816326530612246,M,ASY,0.40000000000000013,0.41273584905660365,0,LVH,0.8823529411764706,N,0.375,Up,0,41-50
0.2448979591836734,M,ASY,0.7750000000000001,0.4174528301886792,0,Normal,0.8455882352941175,N,0.375,Up,1,31-40
0.693877551020408,F,ASY,0.42500000000000004,0.3514150943396226,0,Normal,0.713235294117647,N,0.375,Up,0,61-70
0.3265306122448979,M,NAP,0.5,0.464622641509434,0,Normal,0.8308823529411764,Y,0.44166666666666665,Up,0,41-50
0.36734693877551017,M,ATA,0.13750000000000018,0.29481132075471694,1,Normal,0.6617647058823528,N,0.375,Up,0,41-50
0.6326530612244898,M,NAP,0.4500000000000002,0.39386792452830177,1,Normal,0.49999999999999994,N,0.7416666666666667,Flat,1,51-60
0.6122448979591837,M,NAP,0.625,0.36084905660377353,1,LVH,0.7279411764705881,N,0.375,Up,0,51-60
0.4285714285714285,M,NAP,0.3500000000000001,0.06839622641509435,0,LVH,0.44117647058823534,N,0.5083333333333333,Up,1,41-50
0.3265306122448979,M,ASY,0.25,0.29481132075471694,0,LVH,0.8161764705882353,N,0.375,Up,1,41-50
0.7755102040816326,M,ATA,0.875,0.525943396226415,0,Normal,0.39705882352941174,Y,0.375,Flat,1,61-70
0.7551020408163265,F,ASY,0.75,0.42688679245283023,0,LVH,0.35294117647058826,N,0.5416666666666666,Flat,1,61-70
0.2857142857142857,M,ASY,0.5750000000000002,0.8514150943396225,0,Normal,0.43382352941176466,Y,0.675,Flat,1,41-50
0.4897959183673468,M,ATA,0.4750000000000001,0.3325471698113207,1,Normal,0.8676470588235294,N,0.375,Up,0,51-60
0.7551020408163265,F,NAP,0.625,0.9999999999999999,1,LVH,0.6691176470588234,N,0.5083333333333333,Up,0,61-70
0.7142857142857142,F,ATA,0.625,0.285377358490566,0,Normal,0.8308823529411764,N,0.375,Up,0,61-70
0.346938775510204,F,ATA,0.5,0.4693396226415093,0,LVH,0.8014705882352942,N,0.475,Flat,0,41-50
0.26530612244897955,F,ATA,0.1875,0.29952830188679247,0,Normal,0.75,N,0.375,Up,0,41-50
0.6734693877551019,M,ASY,0.6000000000000001,0.1485849056603773,0,LVH,0.43382352941176466,Y,0.975,Flat,1,61-70
0.6530612244897958,F,NAP,0.375,0.20518867924528295,1,Normal,0.22058823529411759,N,0.375,Up,0,51-60
0.6326530612244898,F,ASY,1.0,0.5400943396226415,0,Normal,0.5661764705882353,Y,0.375,Flat,1,51-60
0.693877551020408,M,ATA,0.375,0.6910377358490566,0,LVH,0.27205882352941174,N,0.6083333333333333,Flat,1,61-70
0.5918367346938775,M,NAP,0.75,0.0,1,Normal,0.7867647058823528,N,0.4083333333333333,Up,0,51-60
0.46938775510204067,F,ASY,0.5,0.8042452830188679,0,Normal,0.5588235294117647,Y,0.575,Flat,1,51-60
0.3265306122448979,M,NAP,0.375,0.43160377358490554,0,Normal,0.7573529411764706,N,0.375,Up,0,41-50
0.6530612244897958,F,TA,0.75,0.49764150943396224,0,Normal,0.7720588235294117,N,0.525,Up,0,51-60
0.7142857142857142,M,TA,0.6875,0.464622641509434,1,LVH,0.6176470588235294,N,0.7583333333333333,Down,0,61-70
0.5918367346938775,M,ASY,0.75,0.6674528301886792,0,LVH,0.338235294117647,Y,0.475,Flat,1,51-60
0.46938775510204067,M,ASY,0.625,0.5966981132075472,0,LVH,0.8823529411764706,Y,0.375,Up,0,51-60
0.6122448979591837,F,ATA,0.5750000000000002,0.8702830188679244,1,LVH,0.6323529411764706,N,0.375,Up,1,51-60
0.3265306122448979,F,NAP,0.3500000000000001,0.5070754716981131,0,Normal,0.6102941176470587,N,0.425,Flat,0,41-50
0.3877551020408163,M,NAP,0.2250000000000001,0.5117924528301886,0,Normal,0.6323529411764706,N,0.375,Up,1,41-50
0.6734693877551019,M,ASY,0.375,0.5919811320754716,0,Normal,0.5441176470588234,Y,0.975,Flat,1,61-70
0.5918367346938775,F,ASY,0.375,0.9999999999999999,0,Normal,0.713235294117647,Y,0.475,Up,0,51-60
0.857142857142857,M,ATA,0.8250000000000002,0.5212264150943396,0,LVH,0.5661764705882353,N,0.375,Up,0,61-70
0.9795918367346939,F,NAP,0.625,0.29481132075471694,0,ST,0.3676470588235294,N,0.5583333333333333,Flat,0,>70
0.7959183673469388,F,ASY,0.20000000000000018,0.4174528301886792,0,Normal,0.5588235294117647,N,0.425,Up,0,61-70
0.346938775510204,M,ASY,0.6500000000000001,0.8231132075471698,0,LVH,0.5955882352941175,Y,0.375,Flat,1,41-50
0.346938775510204,M,ASY,0.17500000000000004,0.3466981132075472,0,LVH,0.6029411764705881,Y,0.875,Flat,0,41-50
0.22448979591836726,F,NAP,0.050000000000000044,0.3042452830188679,0,Normal,0.8308823529411764,N,0.375,Up,0,31-40
0.2857142857142857,F,NAP,0.375,0.3514150943396226,0,Normal,0.7867647058823528,N,0.375,Flat,0,41-50
0.5714285714285714,M,ATA,0.375,0.47877358490566035,0,Normal,0.8235294117647058,N,0.5083333333333333,Up,0,51-60
0.6122448979591837,M,ASY,0.7000000000000002,0.39386792452830177,0,Normal,0.286764705882353,N,0.7083333333333333,Flat,1,51-60
0.1428571428571428,M,ASY,0.375,0.29952830188679247,0,Normal,0.4705882352941176,Y,0.6416666666666666,Flat,1,31-40
0.6122448979591837,M,ASY,0.75,0.6391509433962265,0,LVH,0.33088235294117646,Y,0.5083333333333333,Up,1,51-60
0.26530612244897955,M,NAP,0.5,0.3749999999999999,0,LVH,0.75,N,0.7083333333333333,Flat,0,41-50
0.5918367346938775,M,ASY,0.25,0.3136792452830188,0,Normal,0.44117647058823534,Y,0.625,Flat,0,51-60
0.2857142857142857,M,TA,0.7250000000000001,0.5165094339622641,0,LVH,0.8235294117647058,N,0.5083333333333333,Up,0,41-50
0.693877551020408,M,ATA,0.4750000000000001,0.3466981132075472,1,LVH,0.5441176470588234,N,0.375,Up,0,61-70
0.6326530612244898,M,TA,1.0,0.6391509433962265,0,LVH,0.5808823529411764,N,1.0,Down,0,51-60
0.26530612244897955,F,ATA,0.4500000000000002,0.8089622641509434,0,Normal,0.713235294117647,N,0.375,Up,0,41-50
0.44897959183673475,M,ASY,0.75,0.5117924528301886,0,LVH,0.45588235294117646,N,0.8083333333333333,Flat,1,41-50
0.6326530612244898,M,ATA,0.625,0.40801886792452835,0,Normal,0.7205882352941175,Y,0.375,Up,0,51-60
0.6734693877551019,F,ASY,0.5,0.9221698113207547,0,LVH,0.7573529411764706,N,0.375,Up,1,61-70
0.5306122448979591,M,ASY,0.42500000000000004,0.6202830188679246,0,LVH,0.31617647058823534,Y,0.7416666666666667,Flat,1,51-60
0.5306122448979591,M,ASY,0.25,0.33726415094339623,0,LVH,0.30882352941176466,Y,0.375,Flat,1,51-60
0.4897959183673468,M,ASY,0.4375,0.36556603773584906,0,Normal,0.75,N,0.5416666666666666,Up,1,51-60
0.3877551020408163,M,ASY,0.25,0.6627358490566037,0,LVH,0.3823529411764706,Y,0.5416666666666666,Flat,1,41-50
0.7755102040816326,M,ASY,0.375,0.7900943396226415,0,LVH,0.625,N,0.44166666666666665,Flat,0,61-70
0.6122448979591837,M,ASY,0.125,0.4693396226415093,0,Normal,0.6617647058823528,N,0.39166666666666666,Up,1,51-60
0.7346938775510203,F,NAP,0.625,0.8419811320754716,0,Normal,0.4926470588235294,N,0.4083333333333333,Up,0,61-70
0.44897959183673475,F,ATA,0.375,0.5165094339622641,0,Normal,0.7058823529411764,N,0.5583333333333333,Up,0,41-50
0.3265306122448979,F,NAP,0.2250000000000001,0.030660377358490587,0,Normal,0.8014705882352942,N,0.475,Flat,0,41-50
0.7959183673469388,M,ASY,0.375,0.4834905660377359,0,Normal,0.03676470588235298,N,0.5416666666666666,Flat,1,61-70
0.4285714285714285,F,ASY,0.5,0.6344339622641509,0,Normal,0.713235294117647,N,0.375,Up,0,41-50
0.5918367346938775,M,ASY,0.9375,0.7287735849056604,1,LVH,0.4264705882352941,N,0.5416666666666666,Flat,1,51-60
0.7142857142857142,M,ASY,0.5,0.5636792452830187,0,LVH,0.5955882352941175,N,0.6083333333333333,Flat,1,61-70
0.40816326530612246,M,ASY,0.42500000000000004,0.6580188679245284,0,LVH,0.7352941176470587,N,0.4583333333333333,Flat,1,41-50
0.46938775510204067,M,NAP,0.125,0.41273584905660365,0,Normal,0.5661764705882353,Y,0.575,Flat,0,51-60
0.6530612244897958,F,ASY,0.75,0.5825471698113208,0,LVH,0.6691176470588234,N,0.8083333333333333,Flat,1,51-60
0.6326530612244898,M,ASY,0.625,0.20047169811320753,0,Normal,0.7058823529411764,Y,0.375,Up,1,51-60
0.346938775510204,F,ATA,0.27500000000000013,0.12028301886792447,0,Normal,0.5294117647058822,N,0.375,Flat,0,41-50
0.5510204081632653,F,ASY,1.0,0.9080188679245284,0,ST,0.37499999999999994,Y,0.9416666666666667,Flat,1,51-60
0.26530612244897955,M,ATA,0.25,0.47405660377358483,0,Normal,0.6397058823529411,N,0.375,Up,0,41-50
0.6530612244897958,F,ASY,0.8500000000000001,0.8042452830188679,0,LVH,0.6985294117647058,N,0.375,Up,1,51-60
0.5306122448979591,F,NAP,0.5625,0.7995283018867924,1,Normal,0.7647058823529411,N,0.375,Up,0,51-60
0.2857142857142857,M,ATA,0.375,0.7570754716981131,0,Normal,0.7058823529411764,N,0.375,Up,0,41-50
0.4285714285714285,F,ATA,0.55,0.6438679245283018,0,Normal,0.7058823529411764,N,0.375,Flat,0,41-50
0.36734693877551017,M,ASY,0.375,0.5400943396226415,0,LVH,0.5735294117647058,N,0.5083333333333333,Up,1,41-50
0.5714285714285714,F,ASY,1.0,0.7240566037735848,1,LVH,0.4926470588235294,Y,1.0,Down,1,51-60
0.7755102040816326,F,TA,0.75,0.43160377358490554,0,Normal,0.35294117647058826,N,0.8083333333333333,Down,0,61-70
0.5714285714285714,M,ASY,0.5,0.7004716981132074,1,LVH,0.27205882352941174,Y,0.6416666666666666,Down,1,51-60
0.4285714285714285,M,NAP,0.375,0.25235849056603765,0,Normal,0.5367647058823528,N,0.7083333333333333,Flat,1,41-50
0.5306122448979591,M,ASY,0.40000000000000013,0.714622641509434,0,LVH,0.3676470588235294,Y,0.9083333333333333,Flat,1,51-60
0.5918367346938775,M,ASY,0.7750000000000001,0.6580188679245284,0,Normal,0.16176470588235298,Y,0.575,Flat,1,51-60
0.7551020408163265,F,NAP,0.875,0.9999999999999999,0,LVH,0.625,N,0.5083333333333333,Up,0,61-70
0.5306122448979591,M,NAP,0.4375,0.6533018867924528,0,LVH,0.6323529411764706,N,0.4583333333333333,Down,0,51-60
0.5306122448979591,F,NAP,0.875,0.3136792452830188,0,Normal,0.713235294117647,N,0.375,Up,0,51-60
0.693877551020408,M,ASY,0.375,0.6249999999999999,0,Normal,0.24264705882352938,Y,0.675,Flat,1,61-70
0.4897959183673468,F,NAP,0.5750000000000002,0.29009433962264153,0,LVH,0.7573529411764706,N,0.39166666666666666,Flat,0,51-60
0.4897959183673468,M,ATA,0.55,0.3136792452830188,0,Normal,0.6764705882352942,N,0.5083333333333333,Up,0,51-60
0.6530612244897958,M,ASY,0.33750000000000013,0.4504716981132074,1,Normal,0.6911764705882353,Y,0.6083333333333333,Up,1,51-60
0.7142857142857142,F,ASY,0.2250000000000001,0.6344339622641509,0,Normal,0.7573529411764706,Y,0.675,Flat,1,61-70
0.7755102040816326,M,ASY,0.27500000000000013,0.36556603773584906,0,LVH,0.4852941176470588,Y,0.39166666666666666,Up,1,61-70
0.2857142857142857,M,ASY,0.625,0.43160377358490554,0,Normal,0.8235294117647058,N,0.375,Up,0,41-50
0.7346938775510203,M,ASY,0.375,0.525943396226415,0,LVH,0.22058823529411759,Y,0.7416666666666667,Down,1,61-70
0.5306122448979591,M,NAP,0.75,0.45990566037735847,0,LVH,0.7279411764705881,N,0.6416666666666666,Up,0,51-60
0.36734693877551017,F,NAP,0.6500000000000001,0.20047169811320753,0,LVH,0.6911764705882353,Y,0.6083333333333333,Down,0,41-50
0.7959183673469388,F,NAP,0.7750000000000001,0.6721698113207547,0,Normal,0.7794117647058822,N,0.375,Up,0,61-70
0.5714285714285714,M,ASY,0.4375,0.5400943396226415,1,LVH,0.5735294117647058,Y,0.575,Flat,1,51-60
0.12244897959183676,F,ATA,0.3500000000000001,0.3561320754716981,0,Normal,0.9264705882352939,N,0.49166666666666664,Up,0,31-40
0.5918367346938775,M,ASY,0.5250000000000001,0.34198113207547165,0,Normal,0.75,Y,0.375,Up,0,51-60
0.7346938775510203,M,ASY,0.6875,0.36556603773584906,0,LVH,0.4852941176470588,N,0.7083333333333333,Flat,1,61-70
0.6326530612244898,M,ASY,0.6000000000000001,0.6438679245283018,0,LVH,0.8529411764705881,N,0.375,Up,0,51-60
0.44897959183673475,M,NAP,0.625,0.464622641509434,0,Normal,0.713235294117647,N,0.475,Flat,1,41-50
0.46938775510204067,M,TA,0.4375,0.3702830188679246,0,LVH,0.43382352941176466,Y,0.6083333333333333,Up,0,51-60
0.5306122448979591,M,ATA,1.0,0.7004716981132074,0,LVH,0.9485294117647058,N,0.375,Up,1,51-60
0.510204081632653,M,ASY,0.4125000000000001,0.6957547169811321,0,Normal,0.21323529411764702,Y,0.7083333333333333,Flat,1,51-60
0.4897959183673468,M,ASY,0.27500000000000013,0.4504716981132074,0,Normal,0.6911764705882353,N,0.375,Up,1,51-60
0.2448979591836734,M,ASY,0.25,0.15330188679245282,0,LVH,0.35294117647058826,Y,0.7083333333333333,Flat,1,31-40
0.6122448979591837,M,NAP,0.5250000000000001,0.4221698113207547,0,LVH,0.7867647058823528,N,0.9083333333333333,Up,1,51-60
0.26530612244897955,F,NAP,0.27500000000000013,0.6297169811320754,0,LVH,0.7794117647058822,Y,0.375,Up,0,41-50
0.26530612244897955,M,NAP,0.27500000000000013,0.5448113207547168,0,Normal,0.8308823529411764,N,0.375,Up,0,41-50
0.44897959183673475,F,NAP,0.375,0.3985849056603773,0,Normal,0.6764705882352942,N,0.6416666666666666,Flat,0,41-50
0.5306122448979591,F,NAP,0.2250000000000001,0.6249999999999999,0,LVH,0.7426470588235294,N,0.375,Up,0,51-60
0.7346938775510203,F,ASY,0.5,0.7948113207547168,0,Normal,0.411764705882353,N,0.7083333333333333,Flat,0,61-70
0.46938775510204067,F,NAP,0.5,0.5731132075471698,0,LVH,0.6102941176470587,N,0.4583333333333333,Up,0,51-60
0.36734693877551017,F,ATA,0.1875,0.3278301886792453,0,Normal,0.7794117647058822,N,0.375,Up,0,41-50
0.5510204081632653,M,ASY,0.625,0.38915094339622647,0,Normal,0.33088235294117646,Y,1.0,Down,1,51-60
0.346938775510204,M,ATA,0.4750000000000001,0.8183962264150942,0,LVH,0.7647058823529411,N,0.375,Up,0,41-50
0.5714285714285714,M,TA,0.375,0.27594339622641506,0,LVH,0.7058823529411764,N,0.6916666666666667,Flat,0,51-60
0.7755102040816326,F,ASY,1.0,0.4410377358490566,1,Normal,0.7279411764705881,Y,0.5416666666666666,Flat,1,61-70
0.20408163265306123,M,TA,0.375,0.45518867924528295,0,Normal,0.8529411764705881,Y,1.0,Flat,1,31-40
0.693877551020408,F,ASY,0.75,0.5165094339622641,0,Normal,0.6470588235294117,Y,0.6083333333333333,Flat,1,61-70
0.5510204081632653,M,ATA,0.5,0.6014150943396227,0,Normal,0.6544117647058822,N,0.375,Up,0,51-60
0.6122448979591837,M,ASY,0.4750000000000001,0.5872641509433961,0,LVH,0.4705882352941176,Y,0.875,Flat,1,51-60
0.30612244897959184,M,ASY,0.25,0.36084905660377353,0,Normal,0.6985294117647058,N,0.375,Up,0,41-50
0.7346938775510203,F,ASY,1.0,0.8985849056603773,0,Normal,0.6470588235294117,Y,0.375,Up,0,61-70
0.44897959183673475,F,ASY,0.25,0.5636792452830187,0,LVH,0.6838235294117647,N,0.375,Up,0,41-50
0.510204081632653,M,NAP,0.5,0.29481132075471694,1,LVH,0.6323529411764706,N,0.575,Down,0,51-60
0.346938775510204,F,ASY,0.6000000000000001,0.47877358490566035,0,LVH,0.6323529411764706,Y,0.4083333333333333,Flat,0,41-50
0.7551020408163265,M,TA,0.6000000000000001,0.6957547169811321,1,LVH,0.7941176470588234,N,0.6083333333333333,Flat,1,61-70
0.8367346938775508,M,TA,0.875,0.4693396226415093,1,LVH,0.47794117647058826,N,0.39166666666666666,Flat,0,61-70
0.8367346938775508,M,NAP,0.625,0.5636792452830187,0,LVH,0.588235294117647,N,0.7083333333333333,Flat,1,61-70
0.7959183673469388,M,ASY,0.125,0.775943396226415,0,LVH,0.43382352941176466,Y,0.525,Flat,1,61-70
0.8163265306122449,F,NAP,0.375,0.36084905660377353,0,LVH,0.3602941176470588,N,0.625,Flat,0,61-70
0.12244897959183676,M,TA,0.3500000000000001,0.22405660377358483,0,LVH,0.7941176470588234,N,0.375,Up,0,31-40
0.693877551020408,F,ASY,0.6000000000000001,0.7523584905660378,1,Normal,0.29411764705882354,N,0.6916666666666667,Flat,1,61-70
0.46938775510204067,M,ASY,0.625,0.7712264150943396,0,Normal,0.411764705882353,Y,1.0,Flat,1,51-60
0.36734693877551017,M,NAP,0.75,0.45518867924528295,0,Normal,0.5955882352941175,N,0.975,Flat,1,41-50
0.7959183673469388,M,ASY,0.4375,0.5636792452830187,1,Normal,0.713235294117647,N,0.4083333333333333,Flat,1,61-70
0.44897959183673475,M,NAP,0.48750000000000004,0.29009433962264153,0,Normal,0.713235294117647,N,0.375,Up,0,41-50
0.2857142857142857,M,NAP,0.375,0.49764150943396224,1,Normal,0.9411764705882353,N,0.5083333333333333,Down,0,41-50
0.5714285714285714,F,ASY,0.55,0.9999999999999999,0,LVH,0.6176470588235294,Y,0.6916666666666667,Flat,1,51-60
0.26530612244897955,M,ASY,0.25,0.17688679245283012,0,LVH,0.6764705882352942,N,0.375,Up,1,41-50
0.2857142857142857,F,ASY,0.15000000000000013,0.6155660377358491,0,LVH,0.411764705882353,N,0.475,Flat,0,41-50
0.510204081632653,M,NAP,0.5,0.525943396226415,1,LVH,0.7867647058823528,N,0.375,Up,0,51-60
0.30612244897959184,M,NAP,0.5,0.8514150943396225,0,Normal,0.7058823529411764,N,0.6916666666666667,Up,0,41-50
0.5714285714285714,M,ASY,0.5250000000000001,0.23349056603773577,0,LVH,0.286764705882353,Y,0.725,Flat,1,51-60
0.4897959183673468,M,ASY,0.2250000000000001,0.464622641509434,1,Normal,0.5955882352941175,N,0.39166666666666666,Up,0,51-60
0.693877551020408,F,ASY,0.625,0.9999999999999999,0,LVH,0.6691176470588234,N,0.575,Flat,0,61-70
0.857142857142857,M,NAP,0.875,0.6344339622641509,0,Normal,0.338235294117647,Y,0.8583333333333333,Flat,1,61-70
0.5306122448979591,M,ASY,0.625,0.4929245283018867,0,Normal,0.6911764705882353,N,0.575,Up,0,51-60
0.857142857142857,M,ASY,0.6875,0.18632075471698106,0,Normal,0.43382352941176466,Y,0.8083333333333333,Down,1,61-70
0.5306122448979591,M,ATA,0.2250000000000001,0.8231132075471698,0,Normal,0.6617647058823528,N,0.375,Up,0,51-60
0.1428571428571428,M,ASY,0.4500000000000002,0.6957547169811321,0,LVH,0.6617647058823528,Y,0.375,Up,1,31-40
0.40816326530612246,M,NAP,0.42500000000000004,0.5683962264150942,1,Normal,0.8014705882352942,N,0.375,Up,0,41-50
0.5510204081632653,F,ATA,0.5625,0.5448113207547168,0,LVH,0.6985294117647058,N,0.6083333333333333,Flat,0,51-60
0.6122448979591837,F,ASY,0.125,0.535377358490566,0,LVH,0.411764705882353,N,0.5416666666666666,Flat,0,51-60
0.5306122448979591,F,NAP,0.25,0.3749999999999999,0,Normal,0.6764705882352942,N,0.6416666666666666,Flat,0,51-60
0.8367346938775508,F,TA,0.625,0.4929245283018867,0,Normal,0.625,N,0.675,Up,0,61-70
1.0,M,ASY,0.4375,0.7995283018867924,0,LVH,0.7058823529411764,Y,0.375,Up,1,>70
0.8163265306122449,M,NAP,0.3500000000000001,0.6721698113207547,0,Normal,0.625,N,0.5416666666666666,Up,0,61-70
0.6122448979591837,M,ASY,0.4375,0.7806603773584905,0,LVH,0.7720588235294117,N,0.375,Up,1,51-60
0.6530612244897958,M,ASY,0.4375,0.5825471698113208,0,LVH,0.5514705882352942,Y,0.8416666666666666,Flat,1,51-60
0.46938775510204067,M,ASY,0.625,0.775943396226415,0,Normal,0.7867647058823528,Y,0.6416666666666666,Up,1,51-60
0.5510204081632653,M,ASY,0.875,0.7287735849056604,0,LVH,0.5808823529411764,Y,0.5083333333333333,Flat,1,51-60
0.4897959183673468,M,TA,0.7750000000000001,0.7712264150943396,1,Normal,0.8235294117647058,N,0.575,Flat,0,51-60
0.6530612244897958,F,NAP,0.15000000000000013,0.8655660377358491,0,Normal,0.6911764705882353,N,0.375,Up,0,51-60
0.6122448979591837,M,NAP,0.1875,0.49764150943396224,0,LVH,0.6470588235294117,Y,0.475,Flat,0,51-60
0.7346938775510203,M,NAP,0.4375,0.8231132075471698,0,Normal,0.47794117647058826,Y,0.675,Flat,1,61-70
0.18367346938775508,M,NAP,0.5,0.5448113207547168,0,Normal,0.8897058823529411,N,0.9583333333333333,Down,0,31-40
0.6326530612244898,M,TA,1.0,0.7240566037735848,0,LVH,0.6838235294117647,N,0.4083333333333333,Flat,1,51-60
0.46938775510204067,M,NAP,0.4375,0.5212264150943396,1,LVH,0.7352941176470587,N,0.7749999999999999,Flat,0,51-60
0.30612244897959184,F,NAP,0.40000000000000013,0.3702830188679246,0,Normal,0.7279411764705881,N,0.4083333333333333,Flat,0,41-50
0.6122448979591837,M,ASY,0.4750000000000001,0.38443396226415094,0,LVH,0.47794117647058826,Y,0.7416666666666667,Flat,1,51-60
0.020408163265306145,M,ATA,0.5,0.3278301886792453,0,LVH,1.0,N,0.375,Up,0,≤30
0.26530612244897955,F,ATA,0.5,0.3278301886792453,0,LVH,0.7794117647058822,N,0.6083333333333333,Up,0,41-50
0.7142857142857142,F,NAP,0.5625,0.5542452830188679,0,LVH,0.7794117647058822,N,0.375,Up,0,61-70
0.46938775510204067,M,NAP,0.050000000000000044,0.43632075471698106,0,Normal,0.6470588235294117,Y,0.375,Up,0,51-60
0.5306122448979591,M,NAP,0.375,0.5825471698113208,0,LVH,0.5955882352941175,N,0.44166666666666665,Flat,0,51-60
0.3265306122448979,M,ATA,0.375,0.4033018867924528,0,Normal,0.7647058823529411,N,0.375,Up,0,41-50
0.5306122448979591,M,ASY,0.25,0.4929245283018867,0,Normal,0.44117647058823534,Y,0.8416666666666666,Flat,1,51-60
0.7551020408163265,M,ASY,0.5625,0.5636792452830187,0,LVH,0.4485294117647059,N,0.8416666666666666,Flat,1,61-70
0.5918367346938775,M,NAP,0.75,0.15801886792452824,0,Normal,0.7941176470588234,N,0.6416666666666666,Up,0,51-60
0.7142857142857142,M,ASY,0.5,0.9221698113207547,1,LVH,0.4852941176470588,Y,0.675,Up,1,61-70
0.1428571428571428,F,ASY,0.6000000000000001,0.22877358490566035,0,Normal,0.8529411764705881,N,0.6083333333333333,Up,0,31-40
0.26530612244897955,M,ATA,0.5625,0.32311320754716977,0,Normal,0.4852941176470588,N,0.375,Flat,0,41-50
0.693877551020408,F,NAP,0.5,0.606132075471698,0,Normal,0.22794117647058826,N,0.575,Flat,1,61-70
0.30612244897959184,F,ASY,0.5250000000000001,0.9740566037735848,1,LVH,0.5147058823529411,Y,0.875,Flat,1,41-50
0.6122448979591837,F,TA,0.75,0.7004716981132074,1,LVH,0.7058823529411764,N,0.5416666666666666,Up,0,51-60
0.4897959183673468,M,TA,0.3500000000000001,0.2429245283018867,0,LVH,0.9117647058823528,N,0.375,Flat,0,51-60
0.6734693877551019,F,ASY,0.6875,0.8136792452830187,0,LVH,0.588235294117647,Y,0.5416666666666666,Flat,1,61-70
0.22448979591836726,M,ASY,0.3500000000000001,0.3985849056603773,0,Normal,0.5441176470588234,N,0.575,Flat,1,31-40
0.346938775510204,M,ASY,0.3125,0.5919811320754716,0,LVH,0.875,N,0.375,Up,0,41-50
0.4897959183673468,M,ASY,0.4750000000000001,0.5683962264150942,0,Normal,0.6985294117647058,Y,0.375,Up,1,51-60
0.693877551020408,M,NAP,0.5,0.45518867924528295,0,Normal,0.588235294117647,N,0.675,Flat,0,61-70
0.693877551020408,F,ASY,0.875,0.13915094339622636,0,LVH,0.5808823529411764,N,1.0,Down,1,61-70
0.510204081632653,F,ASY,0.6000000000000001,0.4693396226415093,0,LVH,0.6911764705882353,N,0.375,Up,0,51-60
0.30612244897959184,M,ASY,0.375,0.20047169811320753,0,LVH,0.39705882352941174,Y,0.7916666666666666,Flat,1,41-50
0.3877551020408163,M,NAP,0.6000000000000001,0.5778301886792453,0,LVH,0.6617647058823528,N,0.375,Up,0,41-50
0.4897959183673468,M,ATA,0.375,0.8985849056603773,0,Normal,0.7794117647058822,N,0.4083333333333333,Up,0,51-60
0.8163265306122449,M,NAP,1.0,0.6580188679245284,1,LVH,0.6176470588235294,Y,0.6416666666666666,Flat,1,61-70
0.22448979591836726,M,NAP,0.625,0.8797169811320754,0,LVH,0.8529411764705881,N,0.375,Up,0,31-40
0.510204081632653,F,ASY,0.5,0.6108490566037735,0,LVH,0.5661764705882353,N,0.44166666666666665,Flat,0,51-60
0.693877551020408,F,ASY,0.625,0.6297169811320754,0,LVH,0.6911764705882353,N,0.975,Down,1,61-70
0.46938775510204067,F,NAP,0.625,0.8183962264150942,0,LVH,0.5588235294117647,N,0.625,Up,0,51-60
0.6530612244897958,M,ASY,0.5,0.5589622641509434,0,Normal,0.5735294117647058,Y,0.6083333333333333,Up,1,51-60
0.7551020408163265,M,ASY,0.25,0.535377358490566,0,LVH,0.6764705882352942,N,0.475,Up,1,61-70
0.7551020408163265,F,NAP,0.8125,0.6344339622641509,0,Normal,0.6029411764705881,N,0.5083333333333333,Up,0,61-70
0.6530612244897958,M,NAP,0.625,0.2382075471698113,0,LVH,0.6544117647058822,N,0.875,Flat,1,51-60
0.6530612244897958,M,ASY,0.6875,0.6957547169811321,0,LVH,0.5588235294117647,Y,0.8416666666666666,Flat,1,51-60
0.5306122448979591,M,ASY,0.375,0.25235849056603765,0,Normal,0.3455882352941176,N,0.6083333333333333,Flat,1,51-60
0.3265306122448979,M,ATA,0.5,0.3985849056603773,0,LVH,0.8970588235294117,N,0.375,Up,0,41-50
0.3265306122448979,M,ASY,0.27500000000000013,0.7334905660377359,0,LVH,0.6397058823529411,N,0.375,Up,1,41-50
0.46938775510204067,M,NAP,0.25,0.1910377358490566,0,Normal,0.41911764705882354,N,0.475,Up,0,51-60
0.6326530612244898,M,NAP,0.75,0.36556603773584906,1,Normal,0.6691176470588234,N,0.6416666666666666,Up,0,51-60
0.8775510204081631,F,ATA,0.875,0.7900943396226415,0,Normal,0.7058823529411764,N,0.44166666666666665,Up,0,>70
0.6734693877551019,M,NAP,0.75,0.5117924528301886,1,Normal,0.5220588235294117,Y,0.5416666666666666,Flat,0,61-70
0.5510204081632653,M,ASY,0.5250000000000001,0.9999999999999999,0,Normal,0.4852941176470588,Y,0.575,Flat,1,51-60
0.7346938775510203,M,NAP,0.625,0.9457547169811321,0,Normal,0.6764705882352942,N,0.375,Up,1,61-70
0.30612244897959184,M,ASY,0.75,0.5306603773584905,0,Normal,0.7720588235294117,N,0.625,Up,0,41-50
0.6122448979591837,F,NAP,0.375,0.9693396226415093,0,Normal,0.7794117647058822,N,0.375,Up,0,51-60
0.6530612244897958,M,ASY,0.5,0.33726415094339623,0,LVH,0.4852941176470588,Y,0.7749999999999999,Flat,1,51-60
0.6122448979591837,M,ATA,0.375,0.705188679245283,0,LVH,0.6911764705882353,N,0.675,Flat,1,51-60
0.4285714285714285,M,ATA,0.5,0.6202830188679246,0,Normal,0.7720588235294117,N,0.475,Up,0,41-50
0.40816326530612246,M,ATA,0.25,0.4457547169811321,0,Normal,0.75,N,0.5416666666666666,Down,1,41-50
0.4897959183673468,M,NAP,1.0,0.3042452830188679,1,Normal,0.7058823529411764,N,0.4583333333333333,Up,0,51-60
0.3265306122448979,M,ATA,0.375,0.606132075471698,0,Normal,0.7867647058823528,N,0.375,Up,0,41-50
0.5714285714285714,F,ATA,0.625,0.7523584905660378,0,LVH,0.6397058823529411,N,0.5916666666666667,Flat,0,51-60
0.5918367346938775,M,ASY,0.625,0.27122641509433965,0,Normal,0.6029411764705881,N,0.44166666666666665,Flat,0,51-60
0.7959183673469388,M,ASY,0.875,0.714622641509434,0,LVH,0.30882352941176466,Y,0.625,Flat,1,61-70
0.510204081632653,F,NAP,0.4750000000000001,0.38443396226415094,0,LVH,0.3602941176470588,N,0.375,Up,0,51-60
0.4897959183673468,M,NAP,0.6000000000000001,0.4174528301886792,0,Normal,0.7573529411764706,N,0.375,Up,0,51-60
0.30612244897959184,M,ASY,0.5250000000000001,0.5306603773584905,1,LVH,0.5661764705882353,Y,0.39166666666666666,Flat,1,41-50
0.4897959183673468,M,ASY,0.4750000000000001,0.3278301886792453,1,Normal,0.6617647058823528,Y,0.5416666666666666,Flat,1,51-60
0.6326530612244898,M,TA,0.55,0.3278301886792453,0,Normal,0.7058823529411764,N,0.5083333333333333,Up,1,51-60
0.7346938775510203,M,TA,1.0,0.43632075471698106,0,LVH,0.6544117647058822,N,0.475,Flat,0,61-70
0.7755102040816326,F,NAP,0.7000000000000002,0.6768867924528302,0,LVH,0.6323529411764706,N,0.375,Flat,0,61-70
0.22448979591836726,F,NAP,0.6000000000000001,0.4033018867924528,0,Normal,0.6323529411764706,N,0.375,Flat,0,31-40
0.5918367346938775,M,ATA,0.8,0.45990566037735847,0,LVH,0.7205882352941175,N,0.375,Up,1,51-60
0.6122448979591837,F,ASY,0.5,0.29481132075471694,0,Normal,0.47794117647058826,N,0.475,Flat,0,51-60
0.5918367346938775,M,ASY,0.25,0.9457547169811321,0,Normal,0.5661764705882353,Y,0.875,Flat,1,51-60
0.3877551020408163,M,NAP,0.5,0.5589622641509434,0,Normal,0.8308823529411764,N,0.375,Up,0,41-50
0.5510204081632653,F,ASY,0.4750000000000001,0.3325471698113207,0,ST,0.4705882352941176,Y,0.7083333333333333,Flat,1,51-60
0.1428571428571428,M,ATA,0.40000000000000013,0.27122641509433965,0,Normal,0.7941176470588234,N,0.375,Up,0,31-40
0.6734693877551019,M,ASY,0.7250000000000001,0.32311320754716977,0,Normal,0.6985294117647058,N,0.375,Up,1,61-70
0.6122448979591837,M,ASY,0.30000000000000004,0.8655660377358491,0,ST,0.5441176470588234,N,1.0,Down,1,51-60
0.6122448979591837,F,ASY,1.0,0.42688679245283023,1,LVH,0.588235294117647,Y,0.8416666666666666,Flat,1,51-60
0.6122448979591837,M,ATA,0.4375,0.4033018867924528,0,Normal,0.5735294117647058,N,0.44166666666666665,Flat,0,51-60
0.5714285714285714,M,ATA,0.5,0.40801886792452835,0,LVH,0.713235294117647,N,0.375,Up,0,51-60
0.5714285714285714,M,ATA,0.375,0.49764150943396224,0,Normal,0.7573529411764706,N,0.375,Down,0,51-60
0.7959183673469388,M,NAP,0.7750000000000001,0.36556603773584906,0,LVH,0.6176470588235294,N,0.5083333333333333,Flat,1,61-70
0.5510204081632653,F,ATA,0.5250000000000001,0.9787735849056604,0,Normal,0.7352941176470587,N,0.575,Up,0,51-60
0.3265306122448979,M,ASY,0.375,0.16273584905660377,0,Normal,0.5735294117647058,Y,0.8416666666666666,Down,1,41-50
0.7142857142857142,M,ASY,0.625,0.24764150943396224,0,LVH,0.5735294117647058,Y,1.0,Up,1,61-70
0.7142857142857142,F,ASY,0.42500000000000004,0.29481132075471694,0,Normal,0.5147058823529411,Y,0.375,Flat,1,61-70
0.26530612244897955,M,ATA,0.375,0.10613207547169812,0,Normal,0.8529411764705881,N,0.375,Up,0,41-50
0.6326530612244898,M,ASY,0.9250000000000003,0.195754716981132,1,LVH,0.1764705882352941,N,0.5416666666666666,Flat,1,51-60
0.5918367346938775,F,ASY,0.625,0.5023584905660378,0,Normal,0.41911764705882354,Y,0.4083333333333333,Flat,1,51-60
0.346938775510204,M,TA,0.25,0.6108490566037735,0,Normal,0.4852941176470588,N,0.575,Flat,1,41-50
0.8163265306122449,M,ASY,0.675,0.27594339622641506,1,Normal,0.5514705882352942,N,0.9416666666666667,Flat,1,61-70
0.5918367346938775,M,ASY,0.5,0.0,0,Normal,0.3602941176470588,Y,0.575,Flat,1,51-60
0.5918367346938775,F,ATA,0.5,0.47877358490566035,0,LVH,0.7941176470588234,N,0.375,Flat,1,51-60
0.20408163265306123,M,NAP,0.6000000000000001,0.1910377358490566,0,Normal,0.7867647058823528,N,0.375,Up,0,31-40
